id,user_id,title,brand,garment_type,garment_category,size,color,acquired_price,acquired_date,acquired_source,condition_notes,status,submission_id,grade_report_id,created_at,updated_at,sku,item_category,source_id,target_price,location_bin,measurements,material,grade_value,grade_label,certificate_url,container,style,description,sourced_by,comp_set,search_vec,ai_field_sources,ai_enriched_at,ebay_category_id,ebay_aspects,ai_generated_aspects_at,photo_qa_score,photo_qa_issues,photo_qa_at,consignor_id,consignment_split_pct,exclude_from_automations,annotate_defect_photos,attributes,condition_summary,ebay_category_query,ebay_aspect_sources,ebay_aspects_refill_needed
4e1c78d1-9557-4733-9538-34f958b56020,c55c2414-7e0b-4431-944e-c0a16887bf31,Lululemon Men's Khaki Chino Shorts Size 33,Lululemon,bottoms,shorts,33,Khaki,5.5,null,null,null,listed,fe2eee62-6c1b-46b0-9497-db321b35170b,dbecc90c-2328-4ca7-98aa-7b4247b2cba4,2026-06-25 20:53:41.353943+00,2026-06-26 03:37:00.050542+00,750,clothing,null,41.50,null,"{""waist"":17.5,""inseam"":10}",Synthetic / Performance Fabric,8.0,Excellent,https://gradethread.com/cert/1a92107f-1d54-4358-b7e5-2d796ded4584,22,Chino / Golf Short,"Lululemon men's performance chino shorts in khaki/tan. Size 33 waist. Features a smooth, lightweight synthetic performance fabric, flat-front styling, button-and-zip fly closure, two front slash pockets, two back welt pockets, and belt loops. Great for golf, travel, or everyday wear.

Condition: Good used condition. No visible stains or tears. Minor surface scuffing on the metal button. Ready to wear.",Dan,[],"'33':8A,20C '750':10B 'back':44C 'belt':48C 'button':34C,72C 'button-and-zip':33C 'chino':5A,15C 'closur':38C 'condit':57C,60C 'everyday':55C 'fabric':28C 'featur':22C 'flat':30C 'flat-front':29C 'fli':37C 'front':31C,40C 'golf':52C 'good':58C 'great':50C 'khaki':4A 'khaki/tan':18C 'lightweight':25C 'loop':49C 'lululemon':1A,9B,11C 'men':2A,12C 'metal':71C 'minor':66C 'perform':14C,27C 'pocket':42C,46C 'readi':73C 'scuf':68C 'short':6A,16C 'size':7A,19C 'slash':41C 'smooth':24C 'stain':63C 'style':32C 'surfac':67C 'synthet':26C 'tear':65C 'travel':53C 'two':39C,43C 'use':59C 'visibl':62C 'waist':21C 'wear':56C,75C 'welt':45C 'zip':36C","{""size"":{""source"":""photo:tag_2"",""accepted"":true,""confidence"":0.92},""brand"":{""source"":""photo:tag"",""accepted"":true,""confidence"":0.85},""color"":{""source"":""photo:back"",""accepted"":true,""confidence"":0.95},""style"":{""source"":""photo:back"",""accepted"":true,""confidence"":0.78},""title"":{""source"":""photo:tag"",""accepted"":true,""confidence"":0.82},""material"":{""source"":""photo:back"",""accepted"":true,""confidence"":0.72},""description"":{""source"":""photo:back"",""accepted"":true,""confidence"":0.85},""garment_type"":{""source"":""photo:back"",""accepted"":true,""confidence"":0.99},""item_category"":{""source"":""photo:back"",""accepted"":true,""confidence"":0.99},""condition_notes"":{""source"":""photo:detail"",""accepted"":true,""confidence"":0.8},""garment_category"":{""source"":""photo:back"",""accepted"":true,""confidence"":0.99},""measurements.waist"":{""source"":""photo:tag"",""accepted"":true,""confidence"":0.7},""measurements.inseam"":{""source"":""photo:tag"",""accepted"":true,""confidence"":0.7}}",2026-06-25 20:57:45+00,15689,"{""Fit"":[""Regular""],""Size"":[""33""],""Brand"":[""Lululemon""],""Color"":[""Khaki""],""Style"":[""Chino / Golf Short""],""Season"":[""Spring"",""Summer""],""Closure"":[""Button""],""Pattern"":[""Solid""],""Vintage"":[""No""],""Features"":[""Pockets"",""Belt Loops"",""Stretch"",""Lightweight""],""Handmade"":[""No""],""Material"":[""Synthetic / Performance Fabric""],""Occasion"":[""Golf"",""Casual""],""Size Type"":[""Regular""],""Department"":[""Men""],""Front Type"":[""Flat Front""],""Waist Size"":[""33 in""],""Fabric Type"":[""Synthetic / Performance Fabric""],""Personalize"":[""No""],""Pocket Type"":[""Welt Pocket""]}",2026-06-25 20:57:22.837+00,null,null,null,null,null,false,false,"{""fit"":""Regular"",""closure"":""Button & Zip"",""pattern"":""Solid"",""vintage"":""No"",""features"":[""Pockets"",""Belt Loops"",""Stretch"",""Lightweight""],""size_type"":""Regular"",""department"":""Men""}",Good used condition. No visible stains or damage; minor surface scuffing on the metal button hardware. Overall clean and presentable.,men's performance chino shorts,"{""Fit"":""inventory_derived"",""Style"":""inventory_derived"",""Features"":""inventory_derived"",""Material"":""inventory_derived"",""Fabric Type"":""inventory_derived""}",false
414ddc1a-f66f-4e4d-9fd6-774affd269d5,c55c2414-7e0b-4431-944e-c0a16887bf31,Untitled item,null,null,null,null,null,null,null,null,null,cataloged,null,null,2026-06-23 03:46:03.227047+00,2026-06-23 03:46:03.227047+00,null,null,null,null,null,null,null,null,null,null,null,null,null,null,[],'item':2A 'untitl':1A,{},null,null,null,null,null,null,null,null,null,false,false,{},null,null,{},false
dc0c30ed-9548-4f32-987f-6e4dc1e55f14,c55c2414-7e0b-4431-944e-c0a16887bf31,Vuori Women's Jogger Sweatpants Size M Gray Recycled Polyester Drawstring,Vuori,bottoms,pants,M,Gray,null,null,null,null,listed,2c410f41-0af8-4332-a9db-45487671926c,3238ac00-759a-4180-836a-204b6ecc7922,2026-06-23 01:11:19.626535+00,2026-06-26 03:35:09.822296+00,FD-dc0c30ed,clothing,null,45.50,null,"{""waist"":14,""inseam"":27}","89% Recycled Polyester, 11% Elastane",8.5,Excellent,https://gradethread.com/cert/36f28fad-1a88-4fc5-953f-1c8039eb9e72,null,VW303,"Vuori jogger-style sweatpants in a heathered gray colorway. Made from 89% recycled polyester and 11% elastane for a soft, stretchy feel. Features an elasticized waistband with a woven drawstring and ribbed ankle cuffs. Size M. Manufactured in Vietnam. Item appears in good used condition with no visible damage, staining, or heavy wear noted in the photos.",null,[],"'11':32C '89':28C 'ankl':49C 'appear':57C 'colorway':25C 'condit':61C 'cuff':50C 'damag':65C 'dc0c30ed':15B 'drawstr':11A,46C 'elastan':33C 'elastic':41C 'fd':14B 'fd-dc0c30ed':13B 'featur':39C 'feel':38C 'good':59C 'gray':8A,24C 'heather':23C 'heavi':68C 'item':56C 'jogger':4A,18C 'jogger-styl':17C 'm':7A,52C 'made':26C 'manufactur':53C 'note':70C 'photo':73C 'polyest':10A,30C 'recycl':9A,29C 'rib':48C 'size':6A,51C 'soft':36C 'stain':66C 'stretchi':37C 'style':19C 'sweatpant':5A,20C 'use':60C 'vietnam':55C 'visibl':64C 'vuori':1A,12B,16C 'waistband':42C 'wear':69C 'women':2A 'woven':45C","{""size"":{""source"":""photo:interior"",""accepted"":true,""confidence"":0.99},""brand"":{""source"":""photo:detail"",""accepted"":true,""confidence"":0.98},""color"":{""source"":""photo:front"",""accepted"":true,""confidence"":0.92},""style"":{""source"":""photo:interior"",""accepted"":true,""confidence"":0.95},""title"":{""source"":""photo:front"",""accepted"":true,""confidence"":0.93},""material"":{""source"":""photo:tag_2"",""accepted"":true,""confidence"":0.99},""description"":{""source"":""photo:front"",""accepted"":true,""confidence"":0.9},""garment_type"":{""source"":""photo:front"",""accepted"":true,""confidence"":1},""item_category"":{""source"":""photo:front"",""accepted"":true,""confidence"":1},""condition_notes"":{""source"":""photo:front"",""accepted"":true,""confidence"":0.8},""garment_category"":{""source"":""photo:front"",""accepted"":true,""confidence"":1},""measurements.waist"":{""source"":""photo:tag"",""accepted"":true,""confidence"":0.7},""measurements.inseam"":{""source"":""photo:tag"",""accepted"":true,""confidence"":0.7}}",2026-06-23 01:15:10+00,260954,"{""Fit"":[""Relaxed""],""MPN"":[""VW303""],""Size"":[""M""],""Type"":[""VW303""],""Brand"":[""Vuori""],""Color"":[""Gray""],""Style"":[""Jogger""],""Inseam"":[""27 in""],""Closure"":[""Drawstring""],""Pattern"":[""Solid""],""Features"":[""Drawstring Waist"",""Elastic Waistband"",""Ribbed Cuffs"",""Recycled Materials""],""Handmade"":[""No""],""Material"":[""89% Recycled Polyester"",""11% Elastane""],""Occasion"":[""Activewear"",""Casual""],""Leg Style"":[""Jogger""],""Size Type"":[""Regular""],""Department"":[""Women""],""Waist Size"":[""14 in (flat, unstretched)""],""Fabric Type"":[""89% Recycled Polyester, 11% Elastane""],""Personalize"":[""No""],""Performance/Activity"":[""Yoga"",""Running"",""General Fitness""]}",2026-06-23 01:15:06.388+00,null,null,null,null,null,false,false,"{""fit"":""Relaxed"",""mpn"":""VW303-L"",""closure"":""Drawstring"",""pattern"":""Solid"",""vintage"":""No"",""features"":[""Pockets"",""Stretch"",""Elastic Waistband"",""Ribbed Cuffs""],""size_type"":""Regular"",""department"":""Women"",""country_of_manufacture"":""Vietnam""}","Good used condition — no visible flaws, staining, or damage noted across front, back, and detail photos.",women's jogger sweatpants,"{""Fit"":""inventory_derived"",""Type"":""inventory_derived""}",false
3cd1d0ec-0dca-4d4d-8788-c4a19fb1e768,c55c2414-7e0b-4431-944e-c0a16887bf31,Magashoni 100% Cashmere Wrap Belted Cardigan Sweater – Dark Brown,Magashoni,tops,sweater,medium,Brown,null,null,null,null,drafted,af1bf000-a649-4390-b537-bcc8e61a495c,f77730e7-ff97-4e9b-80bd-e2c85aec946d,2026-06-22 22:44:52.341245+00,2026-06-26 03:37:22.133438+00,FD-3cd1d0ec,clothing,null,62.50,null,"{""chest"":19,""length"":24}",100% Cashmere,7.0,Very Good,https://gradethread.com/cert/fefb730a-be15-4787-8bf2-6a530c9a6b55,null,Wrap / Belted Cardigan,"Luxurious 100% cashmere wrap-style cardigan sweater in a rich dark brown. Features a self-tie belt, long sleeves with ribbed cuffs, and a ribbed hem. The open-front wrap silhouette gives it a relaxed, elegant drape. Care label reads RN 86804 / CA 30427 — 100% Cashmere; hand wash in cold water with mild detergent, towel dry, reshape and lay flat; iron on mild heat or dry clean. Condition: pre-owned with light general wear; some lint/pilling visible on the surface consistent with cashmere use. No major damage noted.",null,[],"'100':2A,15C,61C '30427':60C '3cd1d0ec':13B '86804':58C 'belt':5A,32C 'brown':9A,26C 'ca':59C 'cardigan':6A,20C 'care':54C 'cashmer':3A,16C,62C,100C 'clean':83C 'cold':66C 'condit':84C 'consist':98C 'cuff':37C 'damag':104C 'dark':8A,25C 'deterg':70C 'drape':53C 'dri':72C,82C 'eleg':52C 'fd':12B 'fd-3cd1d0ec':11B 'featur':27C 'flat':76C 'front':45C 'general':90C 'give':48C 'hand':63C 'heat':80C 'hem':41C 'iron':77C 'label':55C 'lay':75C 'light':89C 'lint/pilling':93C 'long':33C 'luxuri':14C 'magashoni':1A,10B 'major':103C 'mild':69C,79C 'note':105C 'open':44C 'open-front':43C 'own':87C 'pre':86C 'pre-own':85C 'read':56C 'relax':51C 'reshap':73C 'rib':36C,40C 'rich':24C 'rn':57C 'self':30C 'self-ti':29C 'silhouett':47C 'sleev':34C 'style':19C 'surfac':97C 'sweater':7A,21C 'tie':31C 'towel':71C 'use':101C 'visibl':94C 'wash':64C 'water':67C 'wear':91C 'wrap':4A,18C,46C 'wrap-styl':17C","{""brand"":{""source"":""photo:front"",""accepted"":true,""confidence"":0.72},""color"":{""source"":""photo:front"",""accepted"":true,""confidence"":0.88},""style"":{""source"":""photo:front"",""accepted"":true,""confidence"":0.82},""title"":{""source"":""photo:front"",""accepted"":true,""confidence"":0.8},""material"":{""source"":""photo:detail"",""accepted"":true,""confidence"":0.99},""description"":{""source"":""photo:front"",""accepted"":true,""confidence"":0.8},""garment_type"":{""source"":""photo:front"",""accepted"":true,""confidence"":0.95},""item_category"":{""source"":""photo:front"",""accepted"":true,""confidence"":0.98},""condition_notes"":{""source"":""photo:front"",""accepted"":true,""confidence"":0.8},""garment_category"":{""source"":""photo:front"",""accepted"":true,""confidence"":0.95},""measurements.chest"":{""source"":""photo:tag"",""accepted"":true,""confidence"":0.7},""measurements.length"":{""source"":""photo:tag"",""accepted"":true,""confidence"":0.7}}",2026-06-22 22:48:19+00,63866,"{""MPN"":[""RN 86804"",""CA 30427""],""Size"":[""M""],""Type"":[""Sweater""],""Brand"":[""Magashoni""],""Color"":[""Dark Brown""],""Style"":[""Wrap Cardigan""],""Season"":[""Fall"",""Winter""],""Pattern"":[""Solid""],""Vintage"":[""No""],""Features"":[""Belted"",""Wrap Style""],""Material"":[""Cashmere""],""Neckline"":[""V-Neck""],""Occasion"":[""Casual"",""Work""],""Size Type"":[""Regular""],""Department"":[""Women""],""Fabric Type"":[""100% Cashmere""],""Personalize"":[""No""],""Garment Care"":[""Turn Inside Out, Hand Wash With Mild Detergent In Cold Water, Towel Dry, Reshape And Lay Flat, Iron In Mild Heat Or Dry Clean""],""Sleeve Length"":[""Long Sleeve""]}",2026-06-22 22:48:35.239+00,null,null,null,null,null,false,false,"{""closure"":""Wrap / Self-Tie Belt"",""pattern"":""Solid"",""vintage"":""No"",""features"":[""Pockets"",""Belted"",""Ribbed Cuffs"",""Ribbed Hem""],""neckline"":""V-Neck"",""garment_care"":""Hand Wash Cold, Towel Dry, Lay Flat, Dry Clean"",""sleeve_length"":""Long Sleeve""}","Pre-owned with light wear; minor surface lint and light pilling consistent with cashmere use. No holes, stains, or structural damage observed.",women's cashmere wrap cardigan sweater,"{""Brand"":""manual""}",false
c312d79d-2ab1-4161-adae-dac4fa8f1e51,c55c2414-7e0b-4431-944e-c0a16887bf31,Escada Women's Red Single-Button Blazer Jacket with Black Buttons,Escada,outerwear,jacket,40,Red,null,null,null,null,photographed,null,null,2026-06-22 14:57:34.655047+00,2026-06-23 02:24:31.620082+00,null,clothing,null,null,null,null,Wool blend (crepe),null,null,null,null,Single-Button Blazer,"Escada women's blazer jacket in a bold red colorway. Features a classic notched lapel, single black button front closure, three decorative black buttons on each cuff, two front welt pockets, and a satin-feel lining with a subtle Escada logo embroidered on the interior. The structured silhouette and padded shoulders give it a vintage power-dressing aesthetic.

Condition: Pre-owned with light to moderate wear. Several small spots/marks are visible on the back panel, minor surface scuffs near the hem, and some loose threads at sleeve button stitching. No tears or major damage. Please review all photos carefully before purchasing.",null,[],"'aesthet':73C 'back':90C 'black':11A,30C,36C 'blazer':8A,17C 'bold':21C 'button':7A,12A,31C,37C,104C 'care':115C 'classic':26C 'closur':33C 'colorway':23C 'condit':74C 'cuff':40C 'damag':110C 'decor':35C 'dress':72C 'embroid':56C 'escada':1A,13B,14C,54C 'featur':24C 'feel':49C 'front':32C,42C 'give':66C 'hem':97C 'interior':59C 'jacket':9A,18C 'lapel':28C 'light':79C 'line':50C 'logo':55C 'loos':100C 'major':109C 'minor':92C 'moder':81C 'near':95C 'notch':27C 'own':77C 'pad':64C 'panel':91C 'photo':114C 'pleas':111C 'pocket':44C 'power':71C 'power-dress':70C 'pre':76C 'pre-own':75C 'purchas':117C 'red':4A,22C 'review':112C 'satin':48C 'satin-feel':47C 'scuff':94C 'sever':83C 'shoulder':65C 'silhouett':62C 'singl':6A,29C 'single-button':5A 'sleev':103C 'small':84C 'spots/marks':85C 'stitch':105C 'structur':61C 'subtl':53C 'surfac':93C 'tear':107C 'thread':101C 'three':34C 'two':41C 'vintag':69C 'visibl':87C 'wear':82C 'welt':43C 'women':2A,15C","{""size"":{""source"":""live-text"",""accepted"":true,""confidence"":0.4},""brand"":{""source"":""photo:front"",""accepted"":true,""confidence"":0.95},""color"":{""source"":""photo:front"",""accepted"":true,""confidence"":0.95},""style"":{""source"":""photo:front"",""accepted"":true,""confidence"":0.9},""title"":{""source"":""photo:front"",""accepted"":true,""confidence"":0.88},""material"":{""source"":""photo:front"",""accepted"":true,""confidence"":0.6},""description"":{""source"":""photo:front"",""accepted"":true,""confidence"":0.85},""garment_type"":{""source"":""photo:front"",""accepted"":true,""confidence"":0.95},""item_category"":{""source"":""photo:front"",""accepted"":true,""confidence"":0.99},""condition_notes"":{""source"":""photo:defect"",""accepted"":true,""confidence"":0.85},""garment_category"":{""source"":""photo:front"",""accepted"":true,""confidence"":0.95}}",2026-06-23 02:24:31+00,63865,"{""Size"":[""<UNKNOWN>""],""Type"":[""Jacket""],""Brand"":[""Escada""],""Color"":[""Red""],""Style"":[""Blazer""],""Pattern"":[""Solid""],""Vintage"":[""Yes""],""Features"":[""Single Button Closure"",""Notch Lapel"",""Flap Pockets"",""Sleeve Button Detail"",""Lined""],""Material"":[""Wool blend (crepe)""],""Occasion"":[""Business"",""Formal"",""Workwear""],""Size Type"":[""Regular""],""Department"":[""Women""],""Jacket Cut"":[""Single-Breasted""],""Fabric Type"":[""Wool Blend Crepe""],""Sleeve Length"":[""Long Sleeve""],""Lining Material"":[""Satin""],""Jacket Lapel Style"":[""Notch Lapel""],""Jacket Front Button Style"":[""Single Button""],""Jacket Sleeve Button Style"":[""3-Button Cuff""]}",2026-06-22 14:59:17.525+00,null,null,null,null,null,false,false,"{""closure"":""Button"",""pattern"":""Solid"",""vintage"":""Yes"",""features"":[""Pockets"",""Lined"",""Padded Shoulders""],""neckline"":""Collared"",""size_type"":""Regular"",""department"":""Women"",""sleeve_length"":""Long Sleeve"",""condition_tier"":""Good""}","Pre-owned with light wear. Multiple small spots/marks visible on the back panel, minor surface scuffs near hem, and some loose threads at sleeve button stitching. No tears or structural damage observed. Lining appears intact.",women's single-button blazer jacket,"{""Material"":""inventory_derived""}",false
569d2c47-077a-4c8f-9923-da8d3436fc4d,c55c2414-7e0b-4431-944e-c0a16887bf31,Pact L,Pact,null,null,L,Black,null,null,null,null,photographed,null,null,2026-06-22 14:07:22.755639+00,2026-06-22 14:08:53.227485+00,null,clothing,null,null,null,null,null,null,null,null,null,null,null,null,[],"'l':2A 'pact':1A,3B","{""size"":{""source"":""photo:tag"",""accepted"":true,""confidence"":0.95},""brand"":{""source"":""photo:tag"",""accepted"":true,""confidence"":0.95},""color"":{""source"":""photo:tag"",""accepted"":true,""confidence"":0.95},""item_category"":{""source"":""photo:tag"",""accepted"":true,""confidence"":0.7},""condition_notes"":{""source"":""photo:tag"",""accepted"":true,""confidence"":0.8}}",2026-06-22 14:08:51+00,53159,"{""Size"":[""L""],""Type"":[""Top""],""Brand"":[""Pact""],""Color"":[""Black""],""Vintage"":[""No""],""Handmade"":[""No""],""Size Type"":[""Regular""],""Department"":[""Women""],""Country of Origin"":[""India""]}",2026-06-22 14:08:40.319+00,null,null,null,null,null,false,false,"{""country_of_manufacture"":""India""}","Tag is present and readable; a loose thread is visible near the care label, but overall the garment appears intact.",women's clothing,{},false
6e13de0d-bbb5-4ce5-8402-abb97aac5c45,c55c2414-7e0b-4431-944e-c0a16887bf31,Lululemon Women's Gray Floral Jacquard Quarter-Zip Long Sleeve Pullover,Lululemon,null,null,6,Gray,null,null,null,null,cataloged,null,null,2026-06-17 02:33:52.20615+00,2026-06-17 04:54:46.283577+00,null,clothing,null,null,22,"{""chest"":15,""length"":26}",null,null,null,null,null,Quarter-Zip Pullover,"Lululemon women's long-sleeve quarter-zip pullover in light gray. Features an all-over tonal floral jacquard texture, ribbed collar, ribbed cuffs and hem, raglan sleeves, and thumb holes. The lululemon logo zipper pull is intact. Garment is clean with no visible staining or pilling. Note: there is a small seam separation/gap at the left sleeve thumb hole opening — minor flaw, shown in photos.",null,[],"'all-ov':29C 'clean':56C 'collar':37C 'cuff':39C 'featur':27C 'flaw':78C 'floral':5A,33C 'garment':54C 'gray':4A,26C 'hem':41C 'hole':46C,75C 'intact':53C 'jacquard':6A,34C 'left':72C 'light':25C 'logo':49C 'long':10A,18C 'long-sleev':17C 'lululemon':1A,13B,14C,48C 'minor':77C 'note':63C 'open':76C 'photo':81C 'pill':62C 'pull':51C 'pullov':12A,23C 'quarter':8A,21C 'quarter-zip':7A,20C 'raglan':42C 'rib':36C,38C 'seam':68C 'separation/gap':69C 'shown':79C 'sleev':11A,19C,43C,73C 'small':67C 'stain':60C 'textur':35C 'thumb':45C,74C 'tonal':32C 'visibl':59C 'women':2A,15C 'zip':9A,22C 'zipper':50C","{""brand"":{""source"":""photo:tag"",""accepted"":true,""confidence"":0.97},""color"":{""source"":""photo:front"",""accepted"":true,""confidence"":0.97},""style"":{""source"":""photo:front"",""accepted"":true,""confidence"":0.95},""title"":{""source"":""photo:front"",""accepted"":true,""confidence"":0.88},""description"":{""source"":""photo:front"",""accepted"":true,""confidence"":0.87},""item_category"":{""source"":""photo:front"",""accepted"":true,""confidence"":0.99},""condition_notes"":{""source"":""photo:detail"",""accepted"":true,""confidence"":0.82},""measurements.chest"":{""source"":""photo:tag"",""accepted"":true,""confidence"":0.7},""measurements.length"":{""source"":""photo:tag"",""accepted"":true,""confidence"":0.7}}",2026-06-17 02:34:39+00,53159,"{""Size"":[""S""],""Type"":[""Quarter-Zip Pullover""],""Brand"":[""Lululemon""],""Color"":[""Gray""],""Style"":[""Athletic""],""Season"":[""Fall"",""Winter""],""Closure"":[""Quarter Zip""],""Pattern"":[""Floral Jacquard""],""Vintage"":[""No""],""Features"":[""Thumb Holes"",""Quarter Zip"",""Ribbed Cuffs"",""Ribbed Hem""],""Handmade"":[""No""],""Neckline"":[""Mock Neck""],""Occasion"":[""Activewear"",""Casual""],""Size Type"":[""Regular""],""Department"":[""Women""],""Personalize"":[""No""],""Sleeve Type"":[""Raglan""],""Sleeve Length"":[""Long Sleeve""]}",2026-06-17 02:34:39.587+00,null,null,null,null,null,false,false,"{""closure"":""Zip"",""pattern"":""Floral Jacquard"",""vintage"":""No"",""features"":[""Thumb Holes"",""Ribbed Cuffs"",""Ribbed Hem"",""Quarter Zip"",""Raglan Sleeves""],""neckline"":""Turtleneck"",""department"":""Women"",""sleeve_length"":""Long Sleeve""}","{""value"": ""Good used condition overall — fabric is clean and free of visible staining or pilling. Minor seam separation/wear noted at the left sleeve thumb hole opening.""}","{""value"": ""women's quarter zip long sleeve pullover top""}",{},false
08752839-ff8a-4fcf-a0e6-2f14e592c1c1,c55c2414-7e0b-4431-944e-c0a16887bf31,Peruvian Connection Pima Cotton Modal V-Neck Sleeveless Tank Top XS Blue,Peruvian Connection,null,null,XS,Blue,4.9,null,null,null,listed,null,null,2026-06-17 00:45:09.395927+00,2026-06-17 01:58:24.023638+00,732,clothing,null,34.50,22,"{""chest"":17,""length"":26}","51% Pima Cotton, 49% Modal",null,null,null,22,Sleeveless V-Neck Tank Top,"Peruvian Connection sleeveless V-neck tank top in a soft steel blue. Made from a luxurious blend of 51% Pima Cotton and 49% Modal for a silky, breathable feel. Size XS, made in Peru.

• Brand: Peruvian Connection
• Size: XS
• Color: Steel Blue
• Material: 51% Pima Cotton / 49% Modal
• Neckline: V-Neck
• Sleeve: Sleeveless
• Care: Hand wash cold, lay flat to dry, low iron or dry clean
• Country of Manufacture: Peru

Condition: Good pre-owned condition — no visible stains, holes, or damage observed.",null,[],"'49':40C,64C '51':36C,61C '732':16B 'blend':34C 'blue':13A,29C,59C 'brand':52C 'breathabl':45C 'care':72C 'clean':84C 'cold':75C 'color':57C 'condit':89C,94C 'connect':2A,15B,18C,54C 'cotton':4A,38C,63C 'countri':85C 'damag':100C 'dri':79C,83C 'feel':46C 'flat':77C 'good':90C 'hand':73C 'hole':98C 'iron':81C 'lay':76C 'low':80C 'luxuri':33C 'made':30C,49C 'manufactur':87C 'materi':60C 'modal':5A,41C,65C 'neck':8A,22C,69C 'necklin':66C 'observ':101C 'own':93C 'peru':51C,88C 'peruvian':1A,14B,17C,53C 'pima':3A,37C,62C 'pre':92C 'pre-own':91C 'silki':44C 'size':47C,55C 'sleev':70C 'sleeveless':9A,19C,71C 'soft':27C 'stain':97C 'steel':28C,58C 'tank':10A,23C 'top':11A,24C 'v':7A,21C,68C 'v-neck':6A,20C,67C 'visibl':96C 'wash':74C 'xs':12A,48C,56C","{""size"":{""source"":""photo:detail"",""accepted"":true,""confidence"":0.99},""brand"":{""source"":""photo:detail"",""accepted"":true,""confidence"":0.99},""color"":{""source"":""photo:detail"",""accepted"":true,""confidence"":0.95},""style"":{""source"":""photo:detail"",""accepted"":true,""confidence"":0.95},""title"":{""source"":""photo:detail"",""accepted"":true,""confidence"":0.95},""material"":{""source"":""photo:tag_2"",""accepted"":true,""confidence"":0.99},""description"":{""source"":""photo:detail"",""accepted"":true,""confidence"":0.93},""item_category"":{""source"":""photo:detail"",""accepted"":true,""confidence"":0.99},""condition_notes"":{""source"":""photo:detail"",""accepted"":true,""confidence"":0.8},""measurements.chest"":{""source"":""photo:tag"",""accepted"":true,""confidence"":0.7},""measurements.length"":{""source"":""photo:tag"",""accepted"":true,""confidence"":0.7}}",2026-06-17 00:46:40+00,53159,"{""Size"":[""XS""],""Type"":[""Tank Top""],""Brand"":[""Peruvian Connection""],""Color"":[""Blue""],""Style"":[""Sleeveless V-Neck Tank Top""],""Season"":[""Spring"",""Summer""],""Pattern"":[""Solid""],""Vintage"":[""No""],""Handmade"":[""No""],""Material"":[""Pima Cotton"",""Modal""],""Neckline"":[""V-Neck""],""Occasion"":[""Casual"",""Everyday""],""Size Type"":[""Regular""],""Department"":[""Women""],""Fabric Type"":[""51% Pima Cotton, 49% Modal""],""Sleeve Type"":[""Sleeveless""],""Garment Care"":[""Hand Wash Cold, Mild Soap, Lay Flat to Dry, Low Iron or Dry Clean""],""Sleeve Length"":[""Sleeveless""],""Country of Origin"":[""Peru""]}",2026-06-17 00:46:40.22+00,null,null,null,null,null,false,false,"{""pattern"":""Solid"",""vintage"":""No"",""neckline"":""V-Neck"",""size_type"":""Regular"",""department"":""Women"",""garment_care"":""Hand Wash, Cold Water, Mild Soap, Lay Flat to Dry, Low Iron or Dry Clean"",""sleeve_length"":""Sleeveless"",""country_of_manufacture"":""Peru""}","Good pre-owned condition — no visible flaws, stains, or damage observed in the provided photos.",women's sleeveless v-neck tank top,"{""Style"":""inventory_derived""}",false
c50c0085-1e9c-436a-843d-f6872067391f,c55c2414-7e0b-4431-944e-c0a16887bf31,ba&sh Lady Pullover Wool Yak Blend Sweater in Mauve — Size 1 US S,ba&sh,null,null,Small,Mauve,9.99,null,null,null,listed,null,null,2026-06-16 22:47:38.079967+00,2026-06-17 03:15:54.834856+00,733,clothing,null,92.50,22,"{""chest"":17,""length"":22}","72% Wool, 28% Yak",null,null,null,22,Lady Pullover,"ba&sh 'Lady Pullover' knit sweater in a rich mauve heather. Crafted from a luxurious 72% Wool / 28% Yak blend for warmth and softness. Features a crew/mock neck, puff-shoulder long sleeves, ribbed cuffs and hem, and a centre-front seam detail. Size 1 (French sizing, fits approx. XS–S). Made in China.

Condition: Good used condition. Light pilling on the body consistent with normal wear. There is a small snag/hole on the ribbed hem band (see defect photo). Please review all photos before purchasing.",null,[],"'1':12A,62C '28':34C '72':32C '733':16B 'approx':66C 'ba':1A,14B,17C 'band':94C 'blend':7A,36C 'bodi':80C 'centr':57C 'centre-front':56C 'china':71C 'condit':72C,75C 'consist':81C 'craft':28C 'crew/mock':43C 'cuff':51C 'defect':96C 'detail':60C 'featur':41C 'fit':65C 'french':63C 'front':58C 'good':73C 'heather':27C 'hem':53C,93C 'knit':21C 'ladi':3A,19C 'light':76C 'long':48C 'luxuri':31C 'made':69C 'mauv':10A,26C 'neck':44C 'normal':83C 'photo':97C,101C 'pill':77C 'pleas':98C 'puff':46C 'puff-should':45C 'pullov':4A,20C 'purchas':103C 'review':99C 'rib':50C,92C 'rich':25C 'seam':59C 'see':95C 'sh':2A,15B,18C 'shoulder':47C 'size':11A,61C,64C 'sleev':49C 'small':88C 'snag/hole':89C 'soft':40C 'sweater':8A,22C 'us':13A 'use':74C 'warmth':38C 'wear':84C 'wool':5A,33C 'xs':67C 'yak':6A,35C","{""size"":{""source"":""photo:tag"",""accepted"":true,""confidence"":0.99},""brand"":{""source"":""photo:tag"",""accepted"":true,""confidence"":0.99},""color"":{""source"":""photo:back"",""accepted"":true,""confidence"":0.92},""style"":{""source"":""photo:tag_2"",""accepted"":true,""confidence"":0.99},""title"":{""source"":""photo:tag"",""accepted"":true,""confidence"":0.97},""material"":{""source"":""photo:interior"",""accepted"":true,""confidence"":0.99},""description"":{""source"":""photo:tag"",""accepted"":true,""confidence"":0.95},""item_category"":{""source"":""photo:back"",""accepted"":true,""confidence"":0.99},""condition_notes"":{""source"":""photo:defect"",""accepted"":true,""confidence"":0.93},""measurements.chest"":{""source"":""photo:tag"",""accepted"":true,""confidence"":0.7},""measurements.length"":{""source"":""photo:tag"",""accepted"":true,""confidence"":0.7}}",2026-06-16 22:49:12+00,63866,"{""Size"":[""Small""],""Type"":[""Sweater""],""Brand"":[""ba&sh""],""Color"":[""Mauve""],""Style"":[""Pullover""],""Season"":[""Fall"",""Winter""],""Pattern"":[""Solid""],""Vintage"":[""No""],""Material"":[""Wool"",""Yak""],""Neckline"":[""Crew Neck""],""Occasion"":[""Casual"",""Everyday""],""Size Type"":[""Regular""],""Department"":[""Women""],""Knit Style"":[""Ribbed Trim""],""Fabric Type"":[""72% Wool, 28% Yak""],""Sleeve Type"":[""Puff Sleeve""],""Garment Care"":[""Hand Wash Cold, Do Not Bleach, Dry Flat, Low Iron, Dry Clean""],""Sleeve Length"":[""Long Sleeve""],""Country of Origin"":[""China""]}",2026-06-16 22:49:11.444+00,null,null,null,null,null,false,false,"{""closure"":""Pullover"",""pattern"":""Solid"",""vintage"":""No"",""neckline"":""Crew Neck"",""size_type"":""Regular"",""department"":""Women"",""garment_care"":""Hand Wash Cold, Do Not Bleach, Dry Flat, Low Ironing, Dry Clean"",""sleeve_length"":""Long Sleeve"",""country_of_manufacture"":""China""}","{""value"": ""Good used condition overall — the knit body shows light wear and minor pilling. There is a small snag/hole on the ribbed hem band visible in the defect photo. No other major flaws noted.""}",women's wool pullover sweater,"{""Size"":""manual""}",false
f1e966f3-87df-4c93-bce5-cd93cd05d92d,c55c2414-7e0b-4431-944e-c0a16887bf31,"Madewell Ribbed Alpaca-Blend Button-Front Cardigan Sweater – Blue, Size S",Madewell,null,null,S,Blue,6.99,null,null,null,listed,null,null,2026-06-16 22:43:30.003369+00,2026-06-17 00:35:16.72293+00,734,clothing,null,38.50,22,"{""chest"":17,""length"":24}","62% Alpaca, 38% Polyamide",null,null,null,null,Ribbed Button-Front Cardigan,"Madewell Ribbed Alpaca-Blend Button-Front Cardigan in a heathered blue. Made from a luxuriously soft 62% Alpaca / 38% Polyamide blend, this long-sleeve ribbed cardigan features mother-of-pearl style buttons down the front and a crew/round neckline. Size S, Made in China (Fair Trade Certified Factory).

Condition: Good used condition. Light surface fuzz and minor pilling consistent with normal wear to the alpaca fabric. No holes, stains, or structural damage noted. Dry clean only per care label.",null,[],"'38':35C '62':33C '734':14B 'alpaca':4A,18C,34C,83C 'alpaca-blend':3A,17C 'blend':5A,19C,37C 'blue':11A,27C 'button':7A,21C,50C 'button-front':6A,20C 'cardigan':9A,23C,43C 'care':96C 'certifi':65C 'china':62C 'clean':93C 'condit':67C,70C 'consist':77C 'crew/round':56C 'damag':90C 'dri':92C 'fabric':84C 'factori':66C 'fair':63C 'featur':44C 'front':8A,22C,53C 'fuzz':73C 'good':68C 'heather':26C 'hole':86C 'label':97C 'light':71C 'long':40C 'long-sleev':39C 'luxuri':31C 'made':28C,60C 'madewel':1A,13B,15C 'minor':75C 'mother':46C 'mother-of-pearl':45C 'necklin':57C 'normal':79C 'note':91C 'pearl':48C 'per':95C 'pill':76C 'polyamid':36C 'rib':2A,16C,42C 'size':12A,58C 'sleev':41C 'soft':32C 'stain':87C 'structur':89C 'style':49C 'surfac':72C 'sweater':10A 'trade':64C 'use':69C 'wear':80C","{""size"":{""source"":""photo:tag"",""accepted"":true,""confidence"":0.99},""brand"":{""source"":""photo:tag"",""accepted"":true,""confidence"":0.99},""color"":{""source"":""photo:back"",""accepted"":true,""confidence"":0.95},""style"":{""source"":""photo:back"",""accepted"":true,""confidence"":0.95},""title"":{""source"":""photo:tag"",""accepted"":true,""confidence"":0.97},""material"":{""source"":""photo:tag_2"",""accepted"":true,""confidence"":0.99},""description"":{""source"":""photo:tag"",""accepted"":true,""confidence"":0.93},""item_category"":{""source"":""photo:back"",""accepted"":true,""confidence"":0.99},""condition_notes"":{""source"":""photo:detail"",""accepted"":true,""confidence"":0.82},""measurements.chest"":{""source"":""photo:tag"",""accepted"":true,""confidence"":0.7},""measurements.length"":{""source"":""photo:tag"",""accepted"":true,""confidence"":0.7}}",2026-06-16 22:45:05+00,63866,"{""MPN"":[""CKP491741785""],""Size"":[""S""],""Type"":[""Sweater""],""Brand"":[""Madewell""],""Color"":[""Blue""],""Style"":[""Cardigan""],""Season"":[""Fall"",""Winter""],""Pattern"":[""Ribbed""],""Vintage"":[""No""],""Features"":[""Button Front"",""Ribbed"",""Fair Trade Certified""],""Material"":[""62% Alpaca"",""38% Polyamide""],""Neckline"":[""Crew Neck""],""Occasion"":[""Casual"",""Everyday""],""Size Type"":[""Regular""],""Department"":[""Women""],""Knit Style"":[""Ribbed Knit""],""Fabric Type"":[""Alpaca Blend""],""Garment Care"":[""Dry Clean Only""],""Sleeve Length"":[""Long Sleeve""],""Country of Origin"":[""China""]}",2026-06-16 22:45:03.147+00,null,null,null,null,null,false,false,"{""mpn"":""CKP491741785"",""closure"":""Button"",""pattern"":""Solid"",""vintage"":""No"",""features"":[""Ribbed Knit"",""Button Front"",""Mother-of-Pearl Buttons"",""Fair Trade Certified""],""neckline"":""Crew Neck"",""size_type"":""Regular"",""department"":""Women"",""garment_care"":""Dry Clean Only"",""sleeve_length"":""Long Sleeve"",""country_of_manufacture"":""China""}","{""value"": ""Good used condition — light surface fuzz/pilling consistent with normal wear, no holes, stains, or structural damage observed.""}",women's ribbed button-front cardigan sweater,{},false
536d05d6-52b8-4992-8335-27c1f8c592f2,c55c2414-7e0b-4431-944e-c0a16887bf31,Lauren Ralph Lauren Women's Cable Knit Crewneck Sweater with Gold Crest Emblem –,Lauren Ralph Lauren,null,null,XS,Gray,5.5,null,null,null,listed,null,null,2026-06-16 22:39:03.537627+00,2026-06-16 22:58:20.888405+00,735,clothing,null,42.50,22,"{""chest"":17.5,""length"":24}","58% Cotton, 42% Viscose",null,null,null,null,Cable Knit Crewneck Sweater,"Lauren Ralph Lauren Women's Cable Knit Crewneck Sweater in charcoal gray, size XS. Features an all-over cable knit pattern and a decorative gold bullion crest emblem on the left chest. Made from 58% cotton and 42% viscose. Made in China.

Condition: Good pre-owned condition. The knit body is clean with no holes or stains. The gold crest patch has minor fuzz on the felt backing but is fully intact and securely attached.",null,[],"'42':56C '58':53C '735':17B 'all-ov':34C 'attach':94C 'back':87C 'bodi':69C 'bullion':44C 'cabl':6A,23C,37C 'charcoal':28C 'chest':50C 'china':60C 'clean':71C 'condit':61C,66C 'cotton':54C 'crest':12A,45C,79C 'crewneck':8A,25C 'decor':42C 'emblem':13A,46C 'featur':32C 'felt':86C 'fulli':90C 'fuzz':83C 'gold':11A,43C,78C 'good':62C 'gray':29C 'hole':74C 'intact':91C 'knit':7A,24C,38C,68C 'lauren':1A,3A,14B,16B,18C,20C 'left':49C 'made':51C,58C 'minor':82C 'own':65C 'patch':80C 'pattern':39C 'pre':64C 'pre-own':63C 'ralph':2A,15B,19C 'secur':93C 'size':30C 'stain':76C 'sweater':9A,26C 'viscos':57C 'women':4A,21C 'xs':31C","{""size"":{""source"":""photo:tag"",""accepted"":true,""confidence"":0.99},""brand"":{""source"":""photo:tag"",""accepted"":true,""confidence"":0.99},""color"":{""source"":""photo:front"",""accepted"":true,""confidence"":0.95},""style"":{""source"":""photo:front"",""accepted"":true,""confidence"":0.97},""title"":{""source"":""photo:front"",""accepted"":true,""confidence"":0.97},""material"":{""source"":""photo:tag_2"",""accepted"":true,""confidence"":0.99},""description"":{""source"":""photo:front"",""accepted"":true,""confidence"":0.95},""item_category"":{""source"":""photo:front"",""accepted"":true,""confidence"":0.99},""condition_notes"":{""source"":""photo:detail"",""accepted"":true,""confidence"":0.82},""measurements.chest"":{""source"":""photo:tag"",""accepted"":true,""confidence"":0.7},""measurements.length"":{""source"":""photo:tag"",""accepted"":true,""confidence"":0.7}}",2026-06-16 22:39:51+00,63866,"{""MPN"":[""200721293002""],""Size"":[""XS""],""Type"":[""Sweater""],""Brand"":[""Lauren Ralph Lauren""],""Color"":[""Gray""],""Style"":[""Cable Knit Crewneck Sweater""],""Season"":[""Fall"",""Winter""],""Accents"":[""Embroidered"",""Gold-Tone""],""Pattern"":[""Cable Knit""],""Vintage"":[""No""],""Features"":[""Cable Knit"",""Gold Bullion Crest Patch"",""Ribbed Cuffs and Hem""],""Material"":[""Cotton"",""Viscose""],""Neckline"":[""Crewneck""],""Occasion"":[""Casual"",""Smart Casual""],""Size Type"":[""Regular""],""Department"":[""Women""],""Knit Style"":[""Cable Knit""],""Fabric Type"":[""58% Cotton, 42% Viscose""],""Sleeve Length"":[""Long Sleeve""],""Country of Origin"":[""China""]}",2026-06-16 22:39:51.015+00,null,null,null,null,null,false,false,"{""mpn"":""200721293002"",""closure"":""Pullover"",""pattern"":""Cable Knit"",""vintage"":""No"",""features"":[""Embroidered Crest Patch""],""neckline"":""Crew Neck"",""size_type"":""Regular"",""department"":""Women"",""sleeve_length"":""Long Sleeve"",""country_of_manufacture"":""China""}",Overall good pre-owned condition. The cable knit body is clean and intact. The gold bullion crest patch on the chest shows minor fuzz/pilling on its felt backing but remains securely attached and visually intact.,women's cable knit crewneck sweater,"{""Style"":""inventory_derived""}",false
639aff08-e71c-49eb-827e-b966393206da,c55c2414-7e0b-4431-944e-c0a16887bf31,Greyson Men's Gray Performance Golf Pants Size 34,Greyson,null,null,34,Gray,7.99,null,null,null,listed,null,null,2026-06-16 22:34:32.112894+00,2026-06-16 22:58:21.084216+00,710,clothing,null,42.50,WEARING,"{""rise"":11,""waist"":17,""inseam"":10}",Performance Fabric,null,null,null,null,Performance Golf Pants,"Greyson Men's Performance Golf Pants in slate gray — a premium athletic trouser from the luxury golf brand. Size 34 waist. Made from a smooth, lightweight synthetic performance fabric with a refined look. Features include a flat front, zip fly, side slash pockets, zippered back pockets, and adjustable button tabs at the hem. Made in China.

Condition: Excellent used condition. No visible stains, tears, or signs of wear — only light storage creases.",null,[],"'34':9A,31C '710':11B 'adjust':59C 'athlet':23C 'back':56C 'brand':29C 'button':60C 'china':67C 'condit':68C,71C 'creas':83C 'excel':69C 'fabric':40C 'featur':45C 'flat':48C 'fli':51C 'front':49C 'golf':6A,16C,28C 'gray':4A,20C 'greyson':1A,10B,12C 'hem':64C 'includ':46C 'light':81C 'lightweight':37C 'look':44C 'luxuri':27C 'made':33C,65C 'men':2A,13C 'pant':7A,17C 'perform':5A,15C,39C 'pocket':54C,57C 'premium':22C 'refin':43C 'side':52C 'sign':77C 'size':8A,30C 'slash':53C 'slate':19C 'smooth':36C 'stain':74C 'storag':82C 'synthet':38C 'tab':61C 'tear':75C 'trouser':24C 'use':70C 'visibl':73C 'waist':32C 'wear':79C 'zip':50C 'zipper':55C","{""size"":{""source"":""photo:tag"",""accepted"":true,""confidence"":0.98},""brand"":{""source"":""photo:tag"",""accepted"":true,""confidence"":0.99},""color"":{""source"":""photo:front"",""accepted"":true,""confidence"":0.97},""style"":{""source"":""photo:front"",""accepted"":true,""confidence"":0.85},""title"":{""source"":""photo:tag"",""accepted"":true,""confidence"":0.95},""description"":{""source"":""photo:front"",""accepted"":true,""confidence"":0.88},""item_category"":{""source"":""photo:front"",""accepted"":true,""confidence"":0.99},""condition_notes"":{""source"":""photo:front"",""accepted"":true,""confidence"":0.82},""measurements.rise"":{""source"":""photo:tag"",""accepted"":true,""confidence"":0.7},""measurements.waist"":{""source"":""photo:tag"",""accepted"":true,""confidence"":0.7},""measurements.inseam"":{""source"":""photo:tag"",""accepted"":true,""confidence"":0.7}}",2026-06-16 22:35:05+00,181137,"{""Fit"":[""Regular""],""Size"":[""34""],""Type"":[""Pants""],""Brand"":[""Greyson""],""Color"":[""Gray""],""Style"":[""Performance Golf Pants""],""Season"":[""Spring"",""Summer"",""Fall""],""Closure"":[""Button"",""Zip Fly""],""Pattern"":[""Solid""],""Vintage"":[""No""],""Features"":[""Zippered Pockets"",""Button Closure"",""Performance Fabric"",""Flat Front""],""Handmade"":[""No""],""Occasion"":[""Activewear""],""Size Type"":[""Regular""],""Department"":[""Men""],""Front Type"":[""Flat Front""],""Waist Size"":[""34""],""Fabric Type"":[""Performance Fabric""],""Country of Origin"":[""China""],""Performance/Activity"":[""Golf""]}",2026-06-16 22:35:05.507+00,null,null,null,null,null,false,false,"{""fit"":""Regular"",""closure"":""Zip"",""pattern"":""Solid"",""vintage"":""No"",""features"":[""Pockets"",""Zippered Pockets"",""Stretch"",""Adjustable Hem Tabs""],""department"":""Men"",""country_of_manufacture"":""China""}","Appears to be in excellent used or near-new condition. No visible damage, staining, or notable wear — only light folding creases from storage.",men's golf performance pants,"{""Fit"":""inventory_derived""}",false
527cdd29-0420-4943-b4c9-103ab4832766,c55c2414-7e0b-4431-944e-c0a16887bf31,Patagonia R1 Fleece Pullover 1/4 Zip Sweater - Men's Small - Blue,Patagonia,null,null,S,Blue,8.9,null,null,null,listed,null,null,2026-06-16 21:01:40.173566+00,2026-06-16 21:06:43.901639+00,675,clothing,null,39.99,2,"{""chest"":21,""length"":26}",Fleece (Polartec),null,null,null,null,R1 Fleece Pullover,"Patagonia R1 Fleece Pullover 1/4-Zip in a steel blue wavy-pattern fleece — a classic technical midlayer built for active outdoor use. Brand: Patagonia | Size: Small (Men's) | Color: Blue | Material: Textured Polartec fleece with contrast gray trim and bright yellow/lime zip accents. Features a chest zip pocket with Patagonia logo patch, a second interior zip pocket, and flatlock seams. Made in Sri Lanka.

Condition: Good used condition. No visible stains, holes, or significant wear noted. A solid, functional piece ready for layering.",null,[],"'1/4':5A '1/4-zip':18C '675':13B 'accent':56C 'activ':33C 'blue':11A,22C,43C 'brand':36C 'bright':53C 'built':31C 'chest':59C 'classic':28C 'color':42C 'condit':78C,81C 'contrast':49C 'featur':57C 'flatlock':72C 'fleec':3A,16C,26C,47C 'function':92C 'good':79C 'gray':50C 'hole':85C 'interior':68C 'lanka':77C 'layer':96C 'logo':64C 'made':74C 'materi':44C 'men':8A,40C 'midlay':30C 'note':89C 'outdoor':34C 'patagonia':1A,12B,14C,37C,63C 'patch':65C 'pattern':25C 'piec':93C 'pocket':61C,70C 'polartec':46C 'pullov':4A,17C 'r1':2A,15C 'readi':94C 'seam':73C 'second':67C 'signific':87C 'size':38C 'small':10A,39C 'solid':91C 'sri':76C 'stain':84C 'steel':21C 'sweater':7A 'technic':29C 'textur':45C 'trim':51C 'use':35C,80C 'visibl':83C 'wavi':24C 'wavy-pattern':23C 'wear':88C 'yellow/lime':54C 'zip':6A,55C,60C,69C","{""size"":{""source"":""photo:tag"",""accepted"":true,""confidence"":0.99},""brand"":{""source"":""photo:tag"",""accepted"":true,""confidence"":0.99},""color"":{""source"":""photo:front"",""accepted"":true,""confidence"":0.95},""style"":{""source"":""photo:detail_2"",""accepted"":true,""confidence"":0.88},""title"":{""source"":""photo:tag"",""accepted"":true,""confidence"":0.92},""material"":{""source"":""photo:front"",""accepted"":true,""confidence"":0.85},""description"":{""source"":""photo:front"",""accepted"":true,""confidence"":0.9},""item_category"":{""source"":""photo:front"",""accepted"":true,""confidence"":0.99},""condition_notes"":{""source"":""photo:front"",""accepted"":true,""confidence"":0.8},""measurements.chest"":{""source"":""photo:tag"",""accepted"":true,""confidence"":0.7},""measurements.length"":{""source"":""photo:tag"",""accepted"":true,""confidence"":0.7}}",2026-06-16 21:03:16+00,11484,"{""Fit"":[""Regular""],""MPN"":[""R1""],""Size"":[""S""],""Type"":[""Sweater""],""Brand"":[""Patagonia""],""Color"":[""Blue""],""Style"":[""1/4 Zip Pullover""],""Season"":[""Fall"",""Winter"",""Spring""],""Accents"":[""Contrast Zipper"",""Contrast Trim""],""Pattern"":[""Wavy Stripe""],""Vintage"":[""No""],""Features"":[""Quarter Zip"",""Chest Pocket"",""Fleece Lined"",""Zippered Pocket""],""Material"":[""Fleece"",""Polartec""],""Neckline"":[""Quarter Zip""],""Occasion"":[""Casual"",""Travel""],""Size Type"":[""Regular""],""Department"":[""Men""],""Fabric Type"":[""Fleece""],""Sleeve Length"":[""Long Sleeve""],""Performance/Activity"":[""Hiking"",""Outdoor"",""Skiing"",""Camping""]}",2026-06-16 21:03:16.566+00,null,null,null,null,null,false,false,"{""closure"":""1/4 Zip"",""pattern"":""Textured / Wavy"",""vintage"":""No"",""features"":[""Pockets"",""Zip Chest Pocket"",""Interior Pocket"",""Contrast Trim""],""neckline"":""Collared"",""size_type"":""Regular"",""department"":""Men"",""sleeve_length"":""Long Sleeve"",""country_of_manufacture"":""Sri Lanka""}","Good used condition. No visible damage, staining, or heavy wear detected across all photos.",men's fleece quarter zip pullover,{},false
aa9dbfaf-acdc-4870-88c0-91c34711623d,c55c2414-7e0b-4431-944e-c0a16887bf31,Theory Linen Blend V-Neck Half-Button Blouse – Petite P,Theory,null,null,P,Oatmeal,null,null,null,null,listed,null,null,2026-06-16 19:53:12.21421+00,2026-06-16 19:56:23.525618+00,711,clothing,null,55.00,22,"{""chest"":17.5,""length"":24}","66% Linen, 32% Viscose, 2% Elastane",null,null,null,null,Half-Button V-Neck Blouse,"Theory linen-blend half-button blouse in a warm oatmeal/natural tone — a versatile wardrobe staple from a premium contemporary brand.

• Brand: Theory
• Size: Petite P
• Color: Oatmeal / Natural
• Material: 66% Linen, 32% Viscose, 2% Elastane
• Neckline: V-neck with partial button placket
• Sleeves: Long sleeve with button cuffs
• Features: Dual chest patch pockets, curved hem, roll-tab sleeve option
• Made in China

Condition: Good pre-owned condition. Light wrinkling from storage; no visible stains, holes, or notable wear observed.",null,[],"'2':50C '32':48C '66':46C '711':14B 'blend':3A,18C 'blous':10A,22C 'brand':36C,37C 'button':9A,21C,58C,64C 'chest':68C 'china':80C 'color':42C 'condit':81C,86C 'contemporari':35C 'cuff':65C 'curv':71C 'dual':67C 'elastan':51C 'featur':66C 'good':82C 'half':8A,20C 'half-button':7A,19C 'hem':72C 'hole':94C 'light':87C 'linen':2A,17C,47C 'linen-blend':16C 'long':61C 'made':78C 'materi':45C 'natur':44C 'neck':6A,55C 'necklin':52C 'notabl':96C 'oatmeal':43C 'oatmeal/natural':26C 'observ':98C 'option':77C 'own':85C 'p':12A,41C 'partial':57C 'patch':69C 'petit':11A,40C 'placket':59C 'pocket':70C 'pre':84C 'pre-own':83C 'premium':34C 'roll':74C 'roll-tab':73C 'size':39C 'sleev':60C,62C,76C 'stain':93C 'stapl':31C 'storag':90C 'tab':75C 'theori':1A,13B,15C,38C 'tone':27C 'v':5A,54C 'v-neck':4A,53C 'versatil':29C 'viscos':49C 'visibl':92C 'wardrob':30C 'warm':25C 'wear':97C 'wrinkl':88C","{""size"":{""source"":""photo:tag"",""accepted"":true,""confidence"":0.99},""brand"":{""source"":""photo:tag"",""accepted"":true,""confidence"":0.99},""color"":{""source"":""photo:front"",""accepted"":true,""confidence"":0.92},""style"":{""source"":""photo:front"",""accepted"":true,""confidence"":0.93},""title"":{""source"":""photo:tag"",""accepted"":true,""confidence"":0.97},""material"":{""source"":""photo:interior"",""accepted"":true,""confidence"":0.99},""description"":{""source"":""photo:front"",""accepted"":true,""confidence"":0.95},""item_category"":{""source"":""photo:front"",""accepted"":true,""confidence"":0.99},""condition_notes"":{""source"":""photo:back"",""accepted"":true,""confidence"":0.82},""measurements.chest"":{""source"":""photo:tag"",""accepted"":true,""confidence"":0.7},""measurements.length"":{""source"":""photo:tag"",""accepted"":true,""confidence"":0.7}}",2026-06-16 19:53:56+00,53159,"{""Size"":[""P""],""Type"":[""Blouse""],""Brand"":[""Theory""],""Color"":[""Oatmeal""],""Style"":[""Half-Button V-Neck Blouse""],""Season"":[""Spring"",""Summer"",""Fall""],""Closure"":[""Half Button""],""Pattern"":[""Solid""],""Vintage"":[""No""],""Features"":[""Chest Pockets"",""Half Button Placket"",""High-Low Hem"",""Curved Hem""],""Handmade"":[""No""],""Material"":[""Linen"",""Viscose"",""Elastane""],""Neckline"":[""V-Neck""],""Occasion"":[""Casual"",""Work"",""Business Casual""],""Size Type"":[""Petites""],""Department"":[""Women""],""Fabric Type"":[""66% Linen, 32% Viscose, 2% Elastane""],""Sleeve Length"":[""Long Sleeve""],""Country of Origin"":[""China""]}",2026-06-16 19:53:56.425+00,null,null,null,null,null,false,false,"{""closure"":""Button"",""pattern"":""Solid"",""vintage"":""No"",""features"":[""Pockets"",""Curved Hem"",""Roll-Tab Sleeve""],""neckline"":""V-Neck"",""size_type"":""Petite"",""department"":""Women"",""sleeve_length"":""Long Sleeve"",""country_of_manufacture"":""China""}","{""value"": ""Good pre-owned condition. Light wrinkles from storage but no visible stains, tears, or significant wear.""}",women's linen blouse petite,"{""Style"":""inventory_derived""}",false
5ef0f212-b2b2-42d5-af94-27f5373c1e9b,c55c2414-7e0b-4431-944e-c0a16887bf31,Tory Burch Flip Flop Thong Sandals Black Monogram Logo Print,Tory Burch,null,null,null,Black,null,null,null,null,cataloged,null,null,2026-06-16 00:39:15.816053+00,2026-06-16 00:39:56.12124+00,null,shoes,null,null,null,"{""insole"":9.5}",Rubber,null,null,null,null,Flip Flop Thong Sandal,"Tory Burch Flip Flop Thong Sandals in black with the brand's signature T-logo monogram print footbed and silver-tone logo hardware at the toe post. Rubber construction throughout.

Condition: Pre-owned with moderate use. Straps show visible scuffing and dirt buildup; logo medallions are worn/tarnished; soles display light scratching but retain good tread. Functional and wearable — priced to reflect wear.",null,[],"'black':7A,20C 'brand':23C 'buildup':58C 'burch':2A,12B,14C 'condit':45C 'construct':43C 'dirt':57C 'display':64C 'flip':3A,15C 'flop':4A,16C 'footb':31C 'function':71C 'good':69C 'hardwar':37C 'light':65C 'logo':9A,28C,36C,59C 'medallion':60C 'moder':50C 'monogram':8A,29C 'own':48C 'post':41C 'pre':47C 'pre-own':46C 'price':74C 'print':10A,30C 'reflect':76C 'retain':68C 'rubber':42C 'sandal':6A,18C 'scratch':66C 'scuf':55C 'show':53C 'signatur':25C 'silver':34C 'silver-ton':33C 'sole':63C 'strap':52C 't-logo':26C 'thong':5A,17C 'throughout':44C 'toe':40C 'tone':35C 'tori':1A,11B,13C 'tread':70C 'use':51C 'visibl':54C 'wear':77C 'wearabl':73C 'worn/tarnished':62C","{""brand"":{""source"":""photo:detail"",""accepted"":true,""confidence"":0.99},""color"":{""source"":""photo:front"",""accepted"":true,""confidence"":0.95},""style"":{""source"":""photo:front"",""accepted"":true,""confidence"":0.97},""title"":{""source"":""photo:front"",""accepted"":true,""confidence"":0.95},""material"":{""source"":""photo:back"",""accepted"":true,""confidence"":0.9},""description"":{""source"":""photo:front"",""accepted"":true,""confidence"":0.9},""item_category"":{""source"":""photo:front"",""accepted"":true,""confidence"":0.99},""condition_notes"":{""source"":""photo:detail"",""accepted"":true,""confidence"":0.9},""measurements.insole"":{""source"":""photo:tag"",""accepted"":true,""confidence"":0.7}}",2026-06-16 00:39:56+00,62107,"{""Type"":[""Sandal""],""Brand"":[""Tory Burch""],""Color"":[""Black""],""Style"":[""Flip Flops""],""Season"":[""Spring"",""Summer""],""Accents"":[""Logo""],""Closure"":[""Slip On""],""Pattern"":[""Monogram""],""Vintage"":[""No""],""Occasion"":[""Casual""],""Customized"":[""No""],""Department"":[""Women""],""Heel Style"":[""Flat""],""US Shoe Size"":[""8""],""Upper Material"":[""Rubber""],""Outsole Material"":[""Rubber""]}",2026-06-16 00:39:55.421+00,null,null,null,null,null,false,false,"{""closure"":""Slip-On"",""pattern"":""Monogram"",""vintage"":""No"",""department"":""Women""}","{""value"": ""Pre-owned with moderate wear — straps are scuffed and show dirt/grime buildup, logo hardware is tarnished, and soles have light scratching. Structurally sound and wearable.""}",women's flip flop thong sandals,{},false
9b09a28e-54af-47fa-b76f-ac383998175e,c55c2414-7e0b-4431-944e-c0a16887bf31,Paul Green Super Soft Suede Lace-Up Boat Shoe Loafer — Size 5.5,Paul Green,null,null,5.5,Tan,10.38,null,null,null,listed,null,null,2026-06-15 20:56:05.507625+00,2026-06-16 20:58:26.745438+00,494,shoes,null,114.50,null,"{""size_us"":5.5}",Suede,null,null,null,null,Boat Shoe / Lace-Up Loafer,"Paul Green Super Soft suede lace-up boat shoe loafer in tan, size 5.5. Features moc-toe construction, tonal laces with silver eyelets, and Paul Green's signature cushioned insole. Upper is genuine suede with moccasin-style stitching and a low, flat rubber outsole. Pre-owned condition: suede upper shows visible scuffing and soiling, especially on the toe box and sides; soles display light wear. A great everyday casual shoe with some life left — suede cleaner/brush recommended to refresh the upper.",null,[],"'494':16B '5.5':13A,31C 'boat':9A,25C 'box':79C 'casual':89C 'cleaner/brush':96C 'condit':67C 'construct':36C 'cushion':47C 'display':83C 'especi':75C 'everyday':88C 'eyelet':41C 'featur':32C 'flat':61C 'genuin':51C 'great':87C 'green':2A,15B,18C,44C 'insol':48C 'lace':7A,23C,38C 'lace-up':6A,22C 'left':94C 'life':93C 'light':84C 'loafer':11A,27C 'low':60C 'moc':34C 'moc-to':33C 'moccasin':55C 'moccasin-styl':54C 'outsol':63C 'own':66C 'paul':1A,14B,17C,43C 'pre':65C 'pre-own':64C 'recommend':97C 'refresh':99C 'rubber':62C 'scuf':72C 'shoe':10A,26C,90C 'show':70C 'side':81C 'signatur':46C 'silver':40C 'size':12A,30C 'soft':4A,20C 'soil':74C 'sole':82C 'stitch':57C 'style':56C 'sued':5A,21C,52C,68C,95C 'super':3A,19C 'tan':29C 'toe':35C,78C 'tonal':37C 'upper':49C,69C,101C 'visibl':71C 'wear':85C","{""size"":{""source"":""photo:back"",""accepted"":true,""confidence"":0.92},""brand"":{""source"":""photo:detail_2"",""accepted"":true,""confidence"":0.95},""color"":{""source"":""photo:detail"",""accepted"":true,""confidence"":0.95},""style"":{""source"":""photo:detail"",""accepted"":true,""confidence"":0.92},""title"":{""source"":""photo:detail_2"",""accepted"":true,""confidence"":0.88},""material"":{""source"":""photo:detail"",""accepted"":true,""confidence"":0.97},""description"":{""source"":""photo:detail"",""accepted"":true,""confidence"":0.87},""item_category"":{""source"":""photo:detail"",""accepted"":true,""confidence"":0.99},""condition_notes"":{""source"":""photo:detail_4"",""accepted"":true,""confidence"":0.85},""measurements.size_us"":{""source"":""photo:tag"",""accepted"":true,""confidence"":0.7}}",2026-06-15 20:57:40+00,45333,"{""Type"":[""Flat""],""Brand"":[""Paul Green""],""Color"":[""Tan""],""Style"":[""Boat Shoe""],""Season"":[""Spring"",""Summer"",""Fall""],""Closure"":[""Lace-Up""],""Pattern"":[""Solid""],""Vintage"":[""No""],""Features"":[""Super Soft Insole"",""Moc Toe Stitching"",""Metal Eyelets""],""Occasion"":[""Casual"",""Everyday""],""Toe Shape"":[""Round Toe""],""Customized"":[""No""],""Department"":[""Women""],""Fabric Type"":[""Suede""],""Product Line"":[""Super Soft""],""US Shoe Size"":[""5.5""],""Upper Material"":[""Suede""],""Outsole Material"":[""Rubber""],""Country of Origin"":[""Austria""]}",2026-06-15 20:57:39.75+00,null,null,null,null,null,false,false,"{""closure"":""Lace-Up"",""pattern"":""Solid"",""features"":[""Super Soft Cushioned Insole"",""Moc Toe""],""department"":""Women""}","{""value"": ""Pre-owned with moderate wear — suede upper shows scuffing, dirt, and general use wear on the toe box and sides; soles are lightly worn; overall structurally sound.""}",women's suede lace-up boat shoe loafer,"{""Fabric Type"":""inventory_derived""}",false
bd157cf0-fda0-4fd1-b6f0-75e5ec452a13,c55c2414-7e0b-4431-944e-c0a16887bf31,Masters Collection XL Green Microfiber Pullover Wind Shirt Golf Embroidered Logo,Masters Collection,null,null,XL,Green,null,null,null,null,cataloged,null,null,2026-06-13 12:19:15.510066+00,2026-06-13 12:21:11.793621+00,null,clothing,null,null,null,"{""chest"":27,""length"":26}",100% Polyester Microfiber (shell); 96% Cotton / 4% Spandex (trim),null,null,null,null,Pullover Wind Shirt / Crewneck Windbreaker,"Masters Collection green microfiber pullover wind shirt in size XL. Shell is 100% polyester microfiber with a 96% cotton / 4% spandex ribbed trim at collar, cuffs, and hem. Features the iconic Augusta National embroidered logo on the chest and 'Masters' script embroidery on the sleeve. Raglan-style long sleeves with elastic cuffs and a banded hem. In good used condition — no visible stains, holes, or damage; light wrinkling from storage only. A great piece of Masters Tournament memorabilia.",null,[],"'100':26C '4':33C '96':31C 'augusta':45C 'band':69C 'chest':51C 'collar':38C 'collect':2A,13B,15C 'condit':74C 'cotton':32C 'cuff':39C,66C 'damag':80C 'elast':65C 'embroid':10A,47C 'embroideri':55C 'featur':42C 'golf':9A 'good':72C 'great':87C 'green':4A,16C 'hem':41C,70C 'hole':78C 'icon':44C 'light':81C 'logo':11A,48C 'long':62C 'master':1A,12B,14C,53C,90C 'memorabilia':92C 'microfib':5A,17C,28C 'nation':46C 'piec':88C 'polyest':27C 'pullov':6A,18C 'raglan':60C 'raglan-styl':59C 'rib':35C 'script':54C 'shell':24C 'shirt':8A,20C 'size':22C 'sleev':58C,63C 'spandex':34C 'stain':77C 'storag':84C 'style':61C 'tournament':91C 'trim':36C 'use':73C 'visibl':76C 'wind':7A,19C 'wrinkl':82C 'xl':3A,23C","{""size"":{""source"":""photo:tag"",""accepted"":true,""confidence"":0.99},""brand"":{""source"":""photo:tag"",""accepted"":true,""confidence"":0.99},""color"":{""source"":""photo:front"",""accepted"":true,""confidence"":0.97},""style"":{""source"":""photo:front"",""accepted"":true,""confidence"":0.88},""title"":{""source"":""photo:tag"",""accepted"":true,""confidence"":0.95},""material"":{""source"":""photo:tag"",""accepted"":true,""confidence"":0.99},""description"":{""source"":""photo:front"",""accepted"":true,""confidence"":0.92},""item_category"":{""source"":""photo:front"",""accepted"":true,""confidence"":0.97},""condition_notes"":{""source"":""photo:front"",""accepted"":true,""confidence"":0.82},""measurements.chest"":{""source"":""photo:tag"",""accepted"":true,""confidence"":0.7},""measurements.length"":{""source"":""photo:tag"",""accepted"":true,""confidence"":0.7}}",2026-06-13 12:21:11+00,181134,"{""Size"":[""XL""],""Type"":[""Windbreaker""],""Brand"":[""Masters Collection""],""Color"":[""Green""],""Style"":[""Pullover""],""Theme"":[""Masters Tournament"",""Golf""],""Season"":[""Fall"",""Spring""],""Closure"":[""Pullover""],""Pattern"":[""Solid""],""Vintage"":[""No""],""Features"":[""Embroidered Logo"",""Elastic Cuffs"",""Elastic Hem"",""Side Pockets""],""Occasion"":[""Activewear""],""Size Type"":[""Regular""],""Chest Size"":[""28\"" (flat) / 56\"" (circumference)""],""Department"":[""Men""],""Fabric Type"":[""Microfiber""],""Personalize"":[""No""],""Product Line"":[""Masters Collection""],""Sleeve Length"":[""Long Sleeve""],""Country of Origin"":[""Hong Kong""],""Outer Shell Material"":[""100% Polyester Microfiber""],""Performance/Activity"":[""Golf""]}",2026-06-13 12:20:18.907+00,null,null,null,null,null,false,false,{},null,null,{},false
62c0018a-7c1f-4b3c-8dc6-c6a3ce529746,c55c2414-7e0b-4431-944e-c0a16887bf31,ME+EM White Tonal Stripe Pintuck Long-Sleeve Shirt — UK 8 / US S / EU 36,ME+EM,null,null,S,White,5.1,null,null,null,drafted,null,null,2026-06-13 12:08:43.972226+00,2026-06-14 04:03:27.29916+00,FD-62c0018a,clothing,null,87.50,null,"{""chest"":20,""length"":27}",Cotton,null,null,null,null,"Long-sleeve button-up shirt with tonal stripe, pintuck front detail, and double cuffs","Classic ME+EM long-sleeve button-up shirt in crisp white with a subtle tonal stripe and elegant pintuck detail at the front. Features a spread collar, double/French cuffs, and a curved hem. Made in Turkey; care label advises gentle machine wash or dry clean.

• Brand: ME+EM
• Size: UK 8 / US S / EU 36
• Color: White
• Style: Tonal stripe, pintuck front, double cuffs
• Measured flat: ~20"" chest (pit-to-pit), ~27"" length

Condition: Good pre-owned condition. No visible stains or damage; light storage creasing only.",null,[],"'20':90C '27':96C '36':16A,78C '62c0018a':21B '8':12A,74C 'advis':62C 'brand':69C 'button':29C 'button-up':28C 'care':60C 'chest':91C 'classic':22C 'clean':68C 'collar':50C 'color':79C 'condit':98C,103C 'creas':111C 'crisp':33C 'cuff':52C,87C 'curv':55C 'damag':108C 'detail':43C 'doubl':86C 'double/french':51C 'dri':67C 'eleg':41C 'em':2A,18B,24C,71C 'eu':15A,77C 'fd':20B 'fd-62c0018a':19B 'featur':47C 'flat':89C 'front':46C,85C 'gentl':63C 'good':99C 'hem':56C 'label':61C 'length':97C 'light':109C 'long':8A,26C 'long-sleev':7A,25C 'machin':64C 'made':57C 'measur':88C 'own':102C 'pintuck':6A,42C,84C 'pit':93C,95C 'pit-to-pit':92C 'pre':101C 'pre-own':100C 'shirt':10A,31C 'size':72C 'sleev':9A,27C 'spread':49C 'stain':106C 'storag':110C 'stripe':5A,39C,83C 'style':81C 'subtl':37C 'tonal':4A,38C,82C 'turkey':59C 'uk':11A,73C 'us':13A,75C 'visibl':105C 'wash':65C 'white':3A,34C,80C","{""size"":{""source"":""photo:tag_2"",""accepted"":true,""confidence"":0.85},""brand"":{""source"":""photo:tag"",""accepted"":true,""confidence"":0.99},""color"":{""source"":""photo:back"",""accepted"":true,""confidence"":0.98},""style"":{""source"":""photo:back"",""accepted"":true,""confidence"":0.92},""title"":{""source"":""photo:tag"",""accepted"":true,""confidence"":0.92},""description"":{""source"":""photo:back"",""accepted"":true,""confidence"":0.9},""item_category"":{""source"":""photo:back"",""accepted"":true,""confidence"":0.99},""condition_notes"":{""source"":""photo:back"",""accepted"":true,""confidence"":0.8},""measurements.chest"":{""source"":""photo:tag"",""accepted"":true,""confidence"":0.7},""measurements.length"":{""source"":""photo:tag"",""accepted"":true,""confidence"":0.7}}",2026-06-13 12:10:35+00,53159,"{""Size"":[""S (UK 8 / US S / EU 36)""],""Type"":[""Shirt""],""Brand"":[""ME+EM""],""Color"":[""White""],""Style"":[""Button-Down Shirt""],""Season"":[""Fall"",""Spring"",""Winter""],""Accents"":[""Pintuck""],""Closure"":[""Button""],""Pattern"":[""Tonal Stripe""],""Vintage"":[""No""],""Handmade"":[""No""],""Material"":[""Cotton""],""Neckline"":[""Collared""],""Occasion"":[""Work"",""Casual"",""Smart Casual""],""Size Type"":[""Regular""],""Department"":[""Women""],""Fabric Type"":[""Cotton""],""Sleeve Type"":[""Double Cuff""],""Garment Care"":[""Gentle Machine Wash or Dry Clean, Wash With Similar Colours""],""Sleeve Length"":[""Long Sleeve""]}",2026-06-13 12:10:19.848+00,null,null,null,null,null,false,false,{},null,null,{},false
a478a7b2-bd0d-43db-b9ed-37f59eaa17c1,c55c2414-7e0b-4431-944e-c0a16887bf31,Peter Millar Crown Crafted Merino Wool Quarter-Zip Pullover – Blue – Size M,Peter Millar,null,null,M,Blue,null,null,null,null,drafted,null,null,2026-06-10 01:49:30.371094+00,2026-06-10 03:48:32.870463+00,FD-a478a7b2,clothing,null,35.84,null,"{""chest"":20,""length"":26,""sleeve"":25,""shoulder"":18}","90% Merino Wool, 8% Nylon, 2% Spandex",null,null,null,null,Crown Crafted Quarter-Zip Long-Sleeve Pullover,"Peter Millar Crown Crafted Quarter-Zip Long-Sleeve Pullover in a versatile light blue. Made from a premium 90% Merino Wool / 8% Nylon / 2% Spandex blend for natural warmth and stretch. Size M, made in Vietnam.

Key details:
• Quarter-zip with branded silver-tone pull
• Ribbed cuffs and collar
• Clean, smooth fabric — no stains, holes, or pilling observed
• Zipper hardware shows minor tarnishing consistent with normal use

Overall in good pre-owned condition and ready to wear.",null,[],"'2':44C '8':42C '90':39C 'a478a7b2':18B 'blend':46C 'blue':11A,34C 'brand':63C 'clean':72C 'collar':71C 'condit':96C 'consist':86C 'craft':4A,22C 'crown':3A,21C 'cuff':69C 'detail':58C 'fabric':74C 'fd':17B 'fd-a478a7b2':16B 'good':92C 'hardwar':82C 'hole':77C 'key':57C 'light':33C 'long':27C 'long-sleev':26C 'm':13A,53C 'made':35C,54C 'merino':5A,40C 'millar':2A,15B,20C 'minor':84C 'natur':48C 'normal':88C 'nylon':43C 'observ':80C 'overal':90C 'own':95C 'peter':1A,14B,19C 'pill':79C 'pre':94C 'pre-own':93C 'premium':38C 'pull':67C 'pullov':10A,29C 'quarter':8A,24C,60C 'quarter-zip':7A,23C,59C 'readi':98C 'rib':68C 'show':83C 'silver':65C 'silver-ton':64C 'size':12A,52C 'sleev':28C 'smooth':73C 'spandex':45C 'stain':76C 'stretch':51C 'tarnish':85C 'tone':66C 'use':89C 'versatil':32C 'vietnam':56C 'warmth':49C 'wear':100C 'wool':6A,41C 'zip':9A,25C,61C 'zipper':81C","{""size"":{""source"":""photo:tag"",""accepted"":true,""confidence"":0.99},""brand"":{""source"":""photo:tag"",""accepted"":true,""confidence"":0.99},""color"":{""source"":""photo:front"",""accepted"":true,""confidence"":0.97},""style"":{""source"":""photo:tag"",""accepted"":true,""confidence"":0.95},""title"":{""source"":""photo:tag"",""accepted"":true,""confidence"":0.97},""material"":{""source"":""photo:tag_2"",""accepted"":true,""confidence"":0.99},""description"":{""source"":""photo:tag"",""accepted"":true,""confidence"":0.92},""item_category"":{""source"":""photo:front"",""accepted"":true,""confidence"":0.99},""condition_notes"":{""source"":""photo:defect"",""accepted"":true,""confidence"":0.8},""measurements.chest"":{""source"":""photo:tag"",""accepted"":true,""confidence"":0.7},""measurements.length"":{""source"":""photo:tag"",""accepted"":true,""confidence"":0.7},""measurements.sleeve"":{""source"":""photo:tag"",""accepted"":true,""confidence"":0.7},""measurements.shoulder"":{""source"":""photo:tag"",""accepted"":true,""confidence"":0.7}}",2026-06-10 01:50:52+00,181138,"{""Size"":[""M""],""Type"":[""Crown Crafted Quarter-Zip Long-Sleeve Pullover""],""Brand"":[""Peter Millar""],""Color"":[""Blue""],""Style"":[""Crown Crafted Quarter-Zip Long-Sleeve Pullover""],""Season"":[""Fall"",""Winter"",""Spring""],""Closure"":[""Quarter Zip""],""Pattern"":[""Solid""],""Vintage"":[""No""],""Features"":[""Quarter-Zip"",""Long Sleeve"",""Merino Wool Blend"",""Stretch""],""Handmade"":[""No""],""Material"":[""90% Merino Wool, 8% Nylon, 2% Spandex""],""Size Type"":[""Regular""],""Department"":[""Men""],""Fabric Type"":[""90% Merino Wool, 8% Nylon, 2% Spandex""],""Sleeve Type"":[""Long Sleeve""],""Product Line"":[""Crown Crafted""],""Sleeve Length"":[""Long Sleeve""],""Performance/Activity"":[""Golf""]}",null,null,null,null,null,null,false,false,{},null,null,{},false
ddc3b609-22d2-486e-bb60-52e5324a4a70,c55c2414-7e0b-4431-944e-c0a16887bf31,BLDWN Navy Button-Down Long Sleeve Shirt,BLDWN,null,null,XL,Navy,null,null,null,null,drafted,null,null,2026-06-08 22:01:41.200654+00,2026-06-10 13:22:11.936154+00,669,clothing,null,30.00,null,"{""chest"":24,""length"":31,""sleeve"":25,""shoulder"":19.5}",null,null,null,null,2,Button-down collar long sleeve shirt with chest pocket,null,null,[],"'669':10B 'bldwn':1A,9B 'button':4A 'button-down':3A 'long':6A 'navi':2A 'shirt':8A 'sleev':7A","{""size"":{""source"":""photo:detail"",""accepted"":true,""confidence"":0.99},""brand"":{""source"":""photo:tag"",""accepted"":true,""confidence"":0.99},""color"":{""source"":""photo:front"",""accepted"":true,""confidence"":0.97},""style"":{""source"":""photo:front"",""accepted"":true,""confidence"":0.92},""title"":{""source"":""photo:tag"",""accepted"":true,""confidence"":0.95},""item_category"":{""source"":""photo:front"",""accepted"":true,""confidence"":0.99},""condition_notes"":{""source"":""photo:back"",""accepted"":true,""confidence"":0.8},""measurements.chest"":{""source"":""photo:tag"",""accepted"":true,""confidence"":0.7},""measurements.length"":{""source"":""photo:tag"",""accepted"":true,""confidence"":0.7},""measurements.sleeve"":{""source"":""photo:tag"",""accepted"":true,""confidence"":0.7},""measurements.shoulder"":{""source"":""photo:tag"",""accepted"":true,""confidence"":0.7}}",2026-06-08 22:02:16+00,57990,"{""Size"":[""XL""],""Type"":[""Button-Up""],""Brand"":[""BLDWN""],""Color"":[""Navy""],""Closure"":[""Button""],""Pattern"":[""Solid""],""Vintage"":[""No""],""Features"":[""Chest Pocket"",""Button-Down Collar""],""Handmade"":[""No""],""Occasion"":[""Casual""],""Size Type"":[""Regular""],""Department"":[""Men""],""Collar Style"":[""Button-Down""],""Sleeve Length"":[""Long Sleeve""],""Country of Origin"":[""China""]}",null,null,null,null,null,null,false,false,{},null,null,{},false
93b92bb5-d2a7-4b20-9465-8d77e9aeb822,c55c2414-7e0b-4431-944e-c0a16887bf31,Quince 100% Silk Maxi Skirt in Plum — Size M,Quince,null,null,M,Plum,null,null,null,null,cataloged,null,null,2026-06-08 21:18:03.41847+00,2026-06-08 21:18:34.48921+00,null,clothing,null,null,null,null,100% Silk,null,null,null,null,"Maxi skirt, strapless/tube silhouette, flared hem",null,null,[],"'100':2A 'm':9A 'maxi':4A 'plum':7A 'quinc':1A,10B 'silk':3A 'size':8A 'skirt':5A","{""size"":{""source"":""photo:tag"",""accepted"":true,""confidence"":0.99},""brand"":{""source"":""photo:tag"",""accepted"":true,""confidence"":0.99},""color"":{""source"":""photo:front"",""accepted"":true,""confidence"":0.93},""style"":{""source"":""photo:front"",""accepted"":true,""confidence"":0.82},""title"":{""source"":""photo:tag"",""accepted"":true,""confidence"":0.95},""material"":{""source"":""photo:detail"",""accepted"":true,""confidence"":0.99},""item_category"":{""source"":""photo:front"",""accepted"":true,""confidence"":0.97},""condition_notes"":{""source"":""photo:front"",""accepted"":true,""confidence"":0.8}}",2026-06-08 21:18:34+00,null,null,null,null,null,null,null,null,false,false,{},null,null,{},false
16f067db-e2bf-4092-9650-203a1e0d527f,c55c2414-7e0b-4431-944e-c0a16887bf31,Acegolfs White Golf Pants – XL,Acegolfs,null,null,XL,White,null,null,null,"New with original hang tags still attached; no visible flaws, stains, or wear",drafted,null,null,2026-06-08 21:07:34.199678+00,2026-06-10 13:22:11.382869+00,695,clothing,null,67.50,null,"{""width"":""34"",""length"":""22""}",Synthetic / Performance fabric (moisture-wicking),null,null,null,null,Golf Pants / Trousers,null,Tiff,[],"'695':7B 'acegolf':1A,6B 'attach':14 'flaw':17 'golf':3A 'hang':11 'new':8 'origin':10 'pant':4A 'stain':18 'still':13 'tag':12 'visibl':16 'wear':20 'white':2A 'xl':5A","{""material"":{""source"":""photo:tag"",""accepted"":true,""confidence"":0.75},""condition_notes"":{""source"":""photo:front"",""accepted"":true,""confidence"":0.97}}",2026-06-08 21:42:48.916+00,181137,"{""Size"":[""XL""],""Type"":[""Pants""],""Brand"":[""Acegolfs""],""Color"":[""White""],""Style"":[""Golf Pants""],""Pattern"":[""Solid""],""Vintage"":[""No""],""Features"":[""Moisture Wicking""],""Handmade"":[""No""],""Occasion"":[""Activewear""],""Size Type"":[""Regular""],""Department"":[""Men""],""Fabric Type"":[""Performance Synthetic""],""Personalize"":[""No""],""Performance/Activity"":[""Golf""]}",null,null,null,null,null,null,false,false,{},null,null,{},false
b2c444a4-a775-4ca7-a702-6ef6f9cd125c,c55c2414-7e0b-4431-944e-c0a16887bf31,Peter Millar Charcoal Grey Flannel 5-Pocket Pants,Peter Millar,null,null,null,Charcoal Grey,null,null,null,null,cataloged,null,null,2026-06-06 11:52:51.788663+00,2026-06-06 11:53:34.612211+00,null,clothing,null,null,null,null,null,null,null,null,null,5-Pocket Straight-Leg Pants,null,null,[],"'5':6A 'charcoal':3A 'flannel':5A 'grey':4A 'millar':2A,10B 'pant':8A 'peter':1A,9B 'pocket':7A","{""brand"":{""source"":""photo:tag"",""accepted"":true,""confidence"":0.99},""color"":{""source"":""photo:front"",""accepted"":true,""confidence"":0.95},""style"":{""source"":""photo:back"",""accepted"":true,""confidence"":0.88},""title"":{""source"":""photo:tag"",""accepted"":true,""confidence"":0.88},""item_category"":{""source"":""photo:front"",""accepted"":true,""confidence"":0.99},""condition_notes"":{""source"":""photo:tag"",""accepted"":true,""confidence"":0.8}}",2026-06-06 11:53:34+00,null,null,null,null,null,null,null,null,false,false,{},null,null,{},false
126e46d7-c09f-469c-bf84-6ae823225cbc,c55c2414-7e0b-4431-944e-c0a16887bf31,Item 1,null,null,null,null,null,null,null,null,null,photographed,null,null,2026-06-06 02:50:07.38538+00,2026-06-06 02:50:07.38538+00,null,null,null,null,null,null,null,null,null,null,null,null,null,null,[],'1':2A 'item':1A,{},null,null,null,null,null,null,null,null,null,false,false,{},null,null,{},false
4bb42246-0354-46a9-9056-49f764343b5c,c55c2414-7e0b-4431-944e-c0a16887bf31,l'agence ribbed cardigan,null,null,null,null,null,null,null,null,null,acquired,null,null,2026-06-05 03:13:46.240086+00,2026-06-05 03:13:46.240086+00,694,null,null,null,null,null,null,null,null,null,null,null,null,null,[],'694':5B 'agenc':2A 'cardigan':4A 'l':1A 'rib':3A,{},null,null,null,null,null,null,null,null,null,false,false,{},null,null,{},false
84760cd4-b6fd-49b7-b16b-273ed28c615e,c55c2414-7e0b-4431-944e-c0a16887bf31,lululemon soft stream sweater,null,null,null,null,null,null,null,null,null,acquired,null,null,2026-06-05 03:13:45.958368+00,2026-06-05 03:13:45.958368+00,693,null,null,null,null,null,null,null,null,null,null,null,null,null,[],'693':5B 'lululemon':1A 'soft':2A 'stream':3A 'sweater':4A,{},null,null,null,null,null,null,null,null,null,false,false,{},null,null,{},false
2008ef06-bc96-4319-b1fb-26433c1645ce,c55c2414-7e0b-4431-944e-c0a16887bf31,Spanx Medium black sweatpants,null,null,null,null,null,null,null,null,null,acquired,null,null,2026-06-05 03:13:45.670649+00,2026-06-05 03:13:45.670649+00,692,null,null,null,null,null,null,null,null,null,6,null,null,null,[],'692':5B 'black':3A 'medium':2A 'spanx':1A 'sweatpant':4A,{},null,null,null,null,null,null,null,null,null,false,false,{},null,null,{},false
1da867b9-6aef-4571-aa5f-edface72a0ee,c55c2414-7e0b-4431-944e-c0a16887bf31,Spanx Small Mock neck sweatshirt,null,null,null,null,null,null,null,null,null,acquired,null,null,2026-06-05 03:13:45.391891+00,2026-06-05 03:13:45.391891+00,691,null,null,null,null,null,null,null,null,null,6,null,null,null,[],'691':6B 'mock':3A 'neck':4A 'small':2A 'spanx':1A 'sweatshirt':5A,{},null,null,null,null,null,null,null,null,null,false,false,{},null,null,{},false
f5e1ef2b-3360-4934-97a2-4f897bb876ec,c55c2414-7e0b-4431-944e-c0a16887bf31,lululemon wide leg womens 8 black,null,null,null,null,null,null,null,null,null,acquired,null,null,2026-06-05 03:13:45.256847+00,2026-06-05 03:13:45.256847+00,690,null,null,null,null,null,null,null,null,null,null,null,null,null,[],'690':7B '8':5A 'black':6A 'leg':3A 'lululemon':1A 'wide':2A 'women':4A,{},null,null,null,null,null,null,null,null,null,false,false,{},null,null,{},false
b78ee03e-659e-42ee-ac57-05e200b2a930,c55c2414-7e0b-4431-944e-c0a16887bf31,lululemon mens joggers green size large,null,null,null,null,null,null,null,null,null,acquired,null,null,2026-06-05 03:13:45.057263+00,2026-06-05 03:13:45.057263+00,689,null,null,null,null,null,null,null,null,null,6,null,null,null,[],'689':7B 'green':4A 'jogger':3A 'larg':6A 'lululemon':1A 'men':2A 'size':5A,{},null,null,null,null,null,null,null,null,null,false,false,{},null,null,{},false
41a81a76-4d58-479d-8ea5-bac92510b1aa,c55c2414-7e0b-4431-944e-c0a16887bf31,Level 99 jeans size 30,null,null,null,null,null,null,null,null,null,acquired,null,null,2026-06-05 03:13:44.768018+00,2026-06-05 03:13:44.768018+00,688,null,null,null,null,null,null,null,null,null,null,null,null,null,[],'30':5A '688':6B '99':2A 'jean':3A 'level':1A 'size':4A,{},null,null,null,null,null,null,null,null,null,false,false,{},null,null,{},false
ff3be2aa-823a-4569-91af-7d0d3506430c,c55c2414-7e0b-4431-944e-c0a16887bf31,Unpublished jeans willa size 26,null,null,null,null,null,null,null,null,null,acquired,null,null,2026-06-05 03:13:44.557277+00,2026-06-05 03:13:44.557277+00,687,null,null,null,null,null,null,null,null,null,null,null,null,null,[],'26':5A '687':6B 'jean':2A 'size':4A 'unpublish':1A 'willa':3A,{},null,null,null,null,null,null,null,null,null,false,false,{},null,null,{},false
571f72e7-b1df-4689-8287-1ed42c99988d,c55c2414-7e0b-4431-944e-c0a16887bf31,moussy vintage jeans size 26,null,null,null,null,null,null,null,null,null,acquired,null,null,2026-06-05 03:13:44.361727+00,2026-06-05 03:13:44.361727+00,686,null,null,null,null,null,null,null,null,null,6,null,null,null,[],'26':5A '686':6B 'jean':3A 'moussi':1A 'size':4A 'vintag':2A,{},null,null,null,null,null,null,null,null,null,false,false,{},null,null,{},false
391bdedc-f2aa-47f6-9cea-3a8f8c3a3fce,c55c2414-7e0b-4431-944e-c0a16887bf31,90 degrees burgendy joggers medium,null,null,null,null,null,null,null,null,null,acquired,null,null,2026-06-05 03:13:44.060351+00,2026-06-05 03:13:44.060351+00,685,null,null,null,null,null,null,null,null,null,null,null,null,null,[],'685':6B '90':1A 'burgendi':3A 'degre':2A 'jogger':4A 'medium':5A,{},null,null,null,null,null,null,null,null,null,false,false,{},null,null,{},false
ff8928fd-0a7a-47b6-a5a5-1ff429e08bed,c55c2414-7e0b-4431-944e-c0a16887bf31,prana slim fit 32x32 pants gray,null,null,null,null,null,null,null,null,null,acquired,null,null,2026-06-05 03:13:43.884351+00,2026-06-05 03:13:43.884351+00,684,null,null,null,null,null,null,null,null,null,6,null,null,null,[],'32x32':4A '684':7B 'fit':3A 'gray':6A 'pant':5A 'prana':1A 'slim':2A,{},null,null,null,null,null,null,null,null,null,false,false,{},null,null,{},false
2627257e-3bae-4315-ae42-198d3fedd206,c55c2414-7e0b-4431-944e-c0a16887bf31,lululemon gray/slate soft stream sweat pants size 4,null,null,null,null,null,null,null,null,null,acquired,null,null,2026-06-05 03:13:43.746016+00,2026-06-05 03:13:43.746016+00,683,null,null,null,null,null,null,null,null,null,6,null,null,null,"[{""notes"":""https://www.ebay.com/itm/157921150009?mkcid=16&mkevt=1&mkrid=711-127632-2357-0&ssspo=b3AT7sxSS9a&sssrc=4429486&ssuid=ISyWa66jSsq&stype=1&var=&widget_ver=artemis&media=MORE"",""price"":0}]",'4':8A '683':9B 'gray/slate':2A 'lululemon':1A 'pant':6A 'size':7A 'soft':3A 'stream':4A 'sweat':5A,{},null,null,null,null,null,null,null,null,null,false,false,{},null,null,{},false
b9796937-36e9-45d8-9855-8effb9e529bd,c55c2414-7e0b-4431-944e-c0a16887bf31,lululemon size 8 black shiny leggings dots on side,null,null,null,null,null,null,null,null,null,acquired,null,null,2026-06-05 03:13:43.221987+00,2026-06-05 03:13:43.221987+00,682,null,null,null,null,null,null,null,null,null,6,null,null,null,[],'682':10B '8':3A 'black':4A 'dot':7A 'leg':6A 'lululemon':1A 'shini':5A 'side':9A 'size':2A,{},null,null,null,null,null,null,null,null,null,false,false,{},null,null,{},false
2c41b4c3-54be-4582-8626-32eaebda03c4,c55c2414-7e0b-4431-944e-c0a16887bf31,carhartt womens double knee pants womens brown 8x34,null,null,null,null,null,null,null,null,null,acquired,null,null,2026-06-05 03:13:42.740276+00,2026-06-05 03:13:42.740276+00,681,null,null,null,null,null,null,null,null,null,null,null,null,null,[],"'681':9B '8x34':8A 'brown':7A 'carhartt':1A 'doubl':3A 'knee':4A 'pant':5A 'women':2A,6A",{},null,null,null,null,null,null,null,null,null,false,false,{},null,null,{},false
1cc559ca-7382-4d89-aac2-6c22649a8802,c55c2414-7e0b-4431-944e-c0a16887bf31,public rec shorts size 44 navy,null,null,null,null,null,null,null,null,null,acquired,null,null,2026-06-05 03:13:42.553837+00,2026-06-05 03:13:42.553837+00,680,null,null,null,null,null,null,null,null,null,6,null,null,null,[],'44':5A '680':7B 'navi':6A 'public':1A 'rec':2A 'short':3A 'size':4A,{},null,null,null,null,null,null,null,null,null,false,false,{},null,null,{},false
61cbe5e9-fb5f-49d4-b907-d136c06d3225,c55c2414-7e0b-4431-944e-c0a16887bf31,lululemon mens shorts size large blue/teal,null,null,null,null,null,null,null,null,null,acquired,null,null,2026-06-05 03:13:42.145801+00,2026-06-05 03:13:42.145801+00,679,null,null,null,null,null,null,null,null,null,null,null,null,null,"[{""notes"":""https://www.ebay.com/itm/366438397780?mkcid=16&mkevt=1&mkrid=711-127632-2357-0&ssspo=i0govwcpqjc&sssrc=4429486&ssuid=ISyWa66jSsq&stype=1&var=&widget_ver=artemis&media=MORE"",""price"":0}]",'679':7B 'blue/teal':6A 'larg':5A 'lululemon':1A 'men':2A 'short':3A 'size':4A,{},null,null,null,null,null,null,null,null,null,false,false,{},null,null,{},false
db2af635-9fb9-4011-950e-873f25a63e42,c55c2414-7e0b-4431-944e-c0a16887bf31,Lululemon siz 8 black shiny striped leggings.,null,null,null,null,null,null,null,null,null,acquired,null,null,2026-06-05 03:13:41.858585+00,2026-06-05 03:13:41.858585+00,678,null,null,null,null,null,null,null,null,null,null,null,null,null,[],'678':8B '8':3A 'black':4A 'leg':7A 'lululemon':1A 'shini':5A 'siz':2A 'stripe':6A,{},null,null,null,null,null,null,null,null,null,false,false,{},null,null,{},false
5e0ea38b-d2af-4856-babf-9ba9a5bb8aa2,c55c2414-7e0b-4431-944e-c0a16887bf31,Lauren Ralph Lauren Cardigan Jacket Southwestern Aztec,null,null,null,null,null,null,null,null,null,acquired,null,null,2026-06-05 03:13:41.659278+00,2026-06-05 03:13:41.659278+00,677,null,null,null,null,null,null,null,null,null,2,null,null,null,[],"'677':8B 'aztec':7A 'cardigan':4A 'jacket':5A 'lauren':1A,3A 'ralph':2A 'southwestern':6A",{},null,null,null,null,null,null,null,null,null,false,false,{},null,null,{},false
f1f637ad-c91b-4cfa-89d7-2877982e700f,c55c2414-7e0b-4431-944e-c0a16887bf31,Masai Grey White Pattern Shirt,null,null,null,null,null,null,null,null,null,acquired,null,null,2026-06-05 03:13:41.570084+00,2026-06-05 03:13:41.570084+00,676,null,null,null,null,null,null,null,null,null,2,null,null,null,[],'676':6B 'grey':2A 'masai':1A 'pattern':4A 'shirt':5A 'white':3A,{},null,null,null,null,null,null,null,null,null,false,false,{},null,null,{},false
020cae4a-8d98-496a-b640-210fe31addaa,c55c2414-7e0b-4431-944e-c0a16887bf31,AllSaints Reform Polo Shirt Men's Small White Pique Short Sleeve Cotton Logo,AllSaints,null,null,S,White,null,null,null,null,listed,null,null,2026-06-05 03:13:40.279105+00,2026-06-05 15:27:17.533369+00,674,null,null,null,null,null,100% Cotton,null,null,null,2,null,null,null,[],"'674':15B 'allsaint':1A,14B 'cotton':12A 'logo':13A 'men':5A 'piqu':9A 'polo':3A 'reform':2A 'shirt':4A 'short':10A 'sleev':11A 'small':7A 'white':8A",{},null,null,null,null,null,null,null,null,null,false,false,{},null,null,{},false
edae4a80-4504-49a0-adc4-25a865e26d57,c55c2414-7e0b-4431-944e-c0a16887bf31,Maeve Green White Button Up,null,null,null,null,null,null,null,null,null,acquired,null,null,2026-06-05 03:13:40.042364+00,2026-06-05 03:13:40.042364+00,673,null,null,null,null,null,null,null,null,null,2,null,null,null,[],'673':5B 'button':4A 'green':2A 'maev':1A 'white':3A,{},null,null,null,null,null,null,null,null,null,false,false,{},null,null,{},false
fc0b2270-ead6-4e8c-9c57-00c547302c5d,c55c2414-7e0b-4431-944e-c0a16887bf31,Polo University Club 42L Blazer,null,null,null,null,null,null,null,null,null,acquired,null,null,2026-06-05 03:13:39.805866+00,2026-06-05 03:13:39.805866+00,672,null,null,null,null,null,null,null,null,null,2,null,null,null,[],'42l':4A '672':6B 'blazer':5A 'club':3A 'polo':1A 'univers':2A,{},null,null,null,null,null,null,null,null,null,false,false,{},null,null,{},false
8d6bafe6-0f13-4ba4-8d5b-ca7755add37f,c55c2414-7e0b-4431-944e-c0a16887bf31,Frame Blue Button up Shirt,null,null,null,null,null,null,null,null,null,acquired,null,null,2026-06-05 03:13:39.644767+00,2026-06-05 03:13:39.644767+00,671,null,null,null,null,null,null,null,null,null,2,null,null,null,[],'671':6B 'blue':2A 'button':3A 'frame':1A 'shirt':5A,{},null,null,null,null,null,null,null,null,null,false,false,{},null,null,{},false
be8b3aaf-37e8-4ef3-a450-1177e687b7db,c55c2414-7e0b-4431-944e-c0a16887bf31,Masters Green Performance Jacket,null,null,null,null,null,null,null,null,null,acquired,null,null,2026-06-05 03:13:39.340732+00,2026-06-05 03:13:39.340732+00,670,null,null,null,null,null,null,null,null,null,2,null,null,null,[],'670':5B 'green':2A 'jacket':4A 'master':1A 'perform':3A,{},null,null,null,null,null,null,null,null,null,false,false,{},null,null,{},false
746aa6fe-fc68-480c-b79a-645dbb6a04eb,c55c2414-7e0b-4431-944e-c0a16887bf31,lululemon men's abc size 36 heathered gray,null,null,null,null,null,null,null,null,null,acquired,null,null,2026-06-05 03:13:38.845735+00,2026-06-05 03:13:38.845735+00,668,null,null,null,null,null,null,null,null,null,2,null,null,null,[],'36':6A '668':9B 'abc':4A 'gray':8A 'heather':7A 'lululemon':1A 'men':2A 'size':5A,{},null,null,null,null,null,null,null,null,null,false,false,{},null,null,{},false
4b427822-53c5-4fca-9d54-ffe6c521300d,c55c2414-7e0b-4431-944e-c0a16887bf31,lululemon men's shorts XL gray,null,null,null,null,null,null,null,null,null,acquired,null,null,2026-06-05 03:13:38.64452+00,2026-06-05 03:13:38.64452+00,667,null,null,null,null,null,null,null,null,null,null,null,null,null,[],'667':7B 'gray':6A 'lululemon':1A 'men':2A 'short':4A 'xl':5A,{},null,null,null,null,null,null,null,null,null,false,false,{},null,null,{},false
f273defd-0778-4501-a908-b271a2950d30,c55c2414-7e0b-4431-944e-c0a16887bf31,lululemon men's abc pants size 36 blue,null,null,null,null,null,null,null,null,null,acquired,null,null,2026-06-05 03:13:38.475624+00,2026-06-05 03:13:38.475624+00,666,null,null,null,null,null,null,null,null,null,null,null,null,null,[],'36':7A '666':9B 'abc':4A 'blue':8A 'lululemon':1A 'men':2A 'pant':5A 'size':6A,{},null,null,null,null,null,null,null,null,null,false,false,{},null,null,{},false
401b9f11-09c5-443d-ae90-eb775f716935,c55c2414-7e0b-4431-944e-c0a16887bf31,maeve collete black (they are in the dryer),null,null,null,null,null,null,null,null,null,acquired,null,null,2026-06-05 03:13:38.286286+00,2026-06-05 03:13:38.286286+00,665,null,null,null,null,null,null,null,null,null,null,null,null,null,[],'665':9B 'black':3A 'collet':2A 'dryer':8A 'maev':1A,{},null,null,null,null,null,null,null,null,null,false,false,{},null,null,{},false
df104f85-2c9a-4e4d-9f92-02f2c9d42f7a,c55c2414-7e0b-4431-944e-c0a16887bf31,Greyson Shirt Mens Grey XL Guide Sport Brrr Cooling Performance Tee Golf,null,null,null,null,null,5.5,null,null,null,sold,null,null,2026-06-05 03:13:37.445228+00,2026-06-16 20:59:46.13327+00,664,null,null,null,null,null,null,null,null,null,null,null,null,Tiff,"[{""notes"":""https://www.ebay.com/itm/377170930696?mkcid=16&mkevt=1&mkrid=711-127632-2357-0&ssspo=lqbfjkt7qdw&sssrc=4429486&ssuid=ISyWa66jSsq&stype=1&var=&widget_ver=artemis&media=MORE"",""price"":0}]",'664':13B 'brrr':8A 'cool':9A 'golf':12A 'grey':4A 'greyson':1A 'guid':6A 'men':3A 'perform':10A 'shirt':2A 'sport':7A 'tee':11A 'xl':5A,{},null,null,null,null,null,null,null,null,null,false,false,{},null,null,{},false
b5e23f8b-f280-47f9-bdd4-d5f8de225726,c55c2414-7e0b-4431-944e-c0a16887bf31,Naadam Sweater Men's 100% Cashmere Navy Blue V-Neck Long Sleeve,null,null,null,null,null,null,null,null,null,acquired,null,null,2026-06-05 03:13:36.844817+00,2026-06-05 03:13:36.844817+00,663,null,null,null,null,null,null,null,null,null,null,null,null,null,"[{""notes"":""https://www.ebay.com/itm/336553137496?mkcid=16&mkevt=1&mkrid=711-127632-2357-0&ssspo=eCLQLB9uTnW&sssrc=4429486&ssuid=ISyWa66jSsq&stype=1&var=&widget_ver=artemis&media=MORE"",""price"":0}]",'100':5A '663':14B 'blue':8A 'cashmer':6A 'long':12A 'men':3A 'naadam':1A 'navi':7A 'neck':11A 'sleev':13A 'sweater':2A 'v':10A 'v-neck':9A,{},null,null,null,null,null,null,null,null,null,false,false,{},null,null,{},false
89d613af-fc90-40cf-82b1-b51dec02f29f,c55c2414-7e0b-4431-944e-c0a16887bf31,Lululemon Restore & Revitalize Maxi Dress Black Size 2 Racerback Slit Athleisure,Lululemon,null,null,2,Black,6.16,null,null,null,listed,null,null,2026-06-05 03:13:36.441635+00,2026-06-05 15:30:44.554925+00,662,null,null,null,null,null,Cotton Blend,null,null,null,null,Maxi,null,Tiff,"[{""notes"":""https://www.ebay.com/itm/277879912791?mkcid=16&mkevt=1&mkrid=711-127632-2357-0&ssspo=qTOihBQtRU2&sssrc=4429486&ssuid=ISyWa66jSsq&stype=1&var=&widget_ver=artemis&media=MORE"",""price"":0}]","'2':8A '662':13B 'athleisur':11A 'black':6A 'dress':5A 'lululemon':1A,12B 'maxi':4A 'racerback':9A 'restor':2A 'revit':3A 'size':7A 'slit':10A",{},null,null,null,null,null,null,null,null,null,false,false,{},null,null,{},false
58064a17-907c-4ce0-b1d7-31411b31475d,c55c2414-7e0b-4431-944e-c0a16887bf31,peter millar crown crafted 1/4 zip,null,null,null,null,null,null,null,null,null,acquired,null,null,2026-06-05 03:13:36.36814+00,2026-06-05 03:13:36.36814+00,661,null,null,null,null,null,null,null,null,null,null,null,null,null,[],'1/4':5A '661':7B 'craft':4A 'crown':3A 'millar':2A 'peter':1A 'zip':6A,{},null,null,null,null,null,null,null,null,null,false,false,{},null,null,{},false
d810ef6b-d5e8-49f8-8860-8a5dfe02e2a3,c55c2414-7e0b-4431-944e-c0a16887bf31,Pact pants,null,null,null,null,null,null,null,null,null,acquired,null,null,2026-06-05 03:13:36.276462+00,2026-06-05 03:13:36.276462+00,660,null,null,null,null,null,null,null,null,null,null,null,null,null,[],'660':3B 'pact':1A 'pant':2A,{},null,null,null,null,null,null,null,null,null,false,false,{},null,null,{},false
91341141-e36d-4511-a20f-5cedfdee5ca1,c55c2414-7e0b-4431-944e-c0a16887bf31,Veronica Beard Bea Short Sleeve Ruffle Gray 100% Pima Cotton Top Size Small,VERONICA BEARD,null,null,S,Gray,null,null,null,null,listed,null,null,2026-06-05 03:13:36.146732+00,2026-06-05 15:32:04.30441+00,659,null,null,null,null,null,100% Cotton,null,null,null,null,Basic,null,null,[],"'100':8A '659':16B 'bea':3A 'beard':2A,15B 'cotton':10A 'gray':7A 'pima':9A 'ruffl':6A 'short':4A 'size':12A 'sleev':5A 'small':13A 'top':11A 'veronica':1A,14B",{},null,null,null,null,null,null,null,null,null,false,false,{},null,null,{},false
76d7fbf3-08b7-4fd1-a6d5-f469a2ec734b,c55c2414-7e0b-4431-944e-c0a16887bf31,L'agence silk top green,null,null,null,null,null,null,null,null,null,acquired,null,null,2026-06-05 03:13:35.842249+00,2026-06-05 03:13:35.842249+00,658,null,null,null,null,null,null,null,null,null,null,null,null,null,[],'658':6B 'agenc':2A 'green':5A 'l':1A 'silk':3A 'top':4A,{},null,null,null,null,null,null,null,null,null,false,false,{},null,null,{},false
666c59ac-3c2f-44a6-9b84-cffaa7fa5cdf,c55c2414-7e0b-4431-944e-c0a16887bf31,greyson zip up,null,null,null,null,null,null,null,null,null,acquired,null,null,2026-06-05 03:13:35.545882+00,2026-06-05 03:13:35.545882+00,657,null,null,null,null,null,null,null,null,null,null,null,null,null,[],'657':3B 'greyson':1A 'zip':2A,{},null,null,null,null,null,null,null,null,null,false,false,{},null,null,{},false
dec0dbd3-54a2-4fcc-b185-0f613ea5200f,c55c2414-7e0b-4431-944e-c0a16887bf31,lulu long sleeve tie front,null,null,null,null,null,null,null,null,null,acquired,null,null,2026-06-05 03:13:35.252219+00,2026-06-05 03:13:35.252219+00,656,null,null,null,null,null,null,null,null,null,null,null,null,null,[],'656':6B 'front':5A 'long':2A 'lulu':1A 'sleev':3A 'tie':4A,{},null,null,null,null,null,null,null,null,null,false,false,{},null,null,{},false
0f116fc5-e2f8-4b68-b357-75a67e5257a0,c55c2414-7e0b-4431-944e-c0a16887bf31,lulu tank blue,null,null,null,null,null,null,null,null,null,acquired,null,null,2026-06-05 03:13:35.068861+00,2026-06-05 03:13:35.068861+00,655,null,null,null,null,null,null,null,null,null,null,null,null,null,[],'655':4B 'blue':3A 'lulu':1A 'tank':2A,{},null,null,null,null,null,null,null,null,null,false,false,{},null,null,{},false
7fc9db51-d74e-4ea5-a6ac-2533abb5afa7,c55c2414-7e0b-4431-944e-c0a16887bf31,Lulu tank white,null,null,null,null,null,null,null,null,null,acquired,null,null,2026-06-05 03:13:34.880367+00,2026-06-05 03:13:34.880367+00,654,null,null,null,null,null,null,null,null,null,null,null,null,null,[],'654':4B 'lulu':1A 'tank':2A 'white':3A,{},null,null,null,null,null,null,null,null,null,false,false,{},null,null,{},false
1c25c6c5-3e07-4bd2-8d5e-a0c71eb3f6a9,c55c2414-7e0b-4431-944e-c0a16887bf31,Vince pull on pants,null,null,null,null,null,null,null,null,null,acquired,null,null,2026-06-05 03:13:34.669004+00,2026-06-05 03:13:34.669004+00,653,null,null,null,null,null,null,null,null,null,null,null,null,null,[],'653':5B 'pant':4A 'pull':2A 'vinc':1A,{},null,null,null,null,null,null,null,null,null,false,false,{},null,null,{},false
70c3d24b-2ea3-4352-b13a-c2cbf88384e4,c55c2414-7e0b-4431-944e-c0a16887bf31,Sundry Multicolor Ombre Ruched Sleeveless Dress USA Size 4,Sundry,null,null,4,Multicolor,null,null,null,null,listed,null,null,2026-06-05 03:13:34.452396+00,2026-06-05 15:29:48.911782+00,652,null,null,null,null,null,Cotton,null,null,null,2,Tank Dress,null,Dan,[],"'4':9A '652':11B 'dress':6A 'multicolor':2A 'ombr':3A 'ruch':4A 'size':8A 'sleeveless':5A 'sundri':1A,10B 'usa':7A",{},null,null,null,null,null,null,null,null,null,false,false,{},null,null,{},false
55735f29-50b9-40f4-96f4-237e176416ae,c55c2414-7e0b-4431-944e-c0a16887bf31,RAG & BONE Brianne Fuchsia Pink Cardigan Button V Neck Casual Size Small Petite,rag & bone,null,null,PS,Pink,null,null,null,null,listed,null,null,2026-06-05 03:13:34.144531+00,2026-06-05 15:30:02.932475+00,651,null,null,null,null,null,Knit,null,null,null,null,Cardigan,null,null,[],"'651':16B 'bone':2A,15B 'briann':3A 'button':7A 'cardigan':6A 'casual':10A 'fuchsia':4A 'neck':9A 'petit':13A 'pink':5A 'rag':1A,14B 'size':11A 'small':12A 'v':8A",{},null,null,null,null,null,null,null,null,null,false,false,{},null,null,{},false
6027078f-ec82-47ff-92cd-0bba55e4ca4b,c55c2414-7e0b-4431-944e-c0a16887bf31,TOAD&CO S Knit Red Sweater Button Accent Crew Neck Long Sleeve Size Medium,TOAD&CO,null,null,M,Red,5.1,null,null,null,listed,null,null,2026-06-05 03:13:33.776878+00,2026-06-05 15:30:00.163452+00,650,null,null,null,null,null,Cotton,null,null,null,2,Cardigan Sweater,null,Tiff,[],"'650':17B 'accent':8A 'button':7A 'co':2A,16B 'crew':9A 'knit':4A 'long':11A 'medium':14A 'neck':10A 'red':5A 'size':13A 'sleev':12A 'sweater':6A 'toad':1A,15B",{},null,null,null,null,null,null,null,null,null,false,false,{},null,null,{},false
4b49d7ef-433f-46bd-8a7f-cea641796f54,c55c2414-7e0b-4431-944e-c0a16887bf31,PONCHO Men's Shirt Large Regular Fit Blue Flannel Pearl Snap Button,null,null,null,null,null,5.99,null,null,null,sold,null,null,2026-06-05 03:13:33.468897+00,2026-06-16 20:59:46.890951+00,649,null,null,null,null,null,null,null,null,null,null,null,null,Tiff,[],'649':13B 'blue':8A 'button':12A 'fit':7A 'flannel':9A 'larg':5A 'men':2A 'pearl':10A 'poncho':1A 'regular':6A 'shirt':4A 'snap':11A,{},null,null,null,null,null,null,null,null,null,false,false,{},null,null,{},false
519780d7-2775-48a7-aa29-3e47f78790f0,c55c2414-7e0b-4431-944e-c0a16887bf31,Reformation Cashmere Bell Mini Dress Navy Blue Size Small,Reformation,null,null,S,Blue,19.99,null,null,null,listed,null,null,2026-06-05 03:13:32.829803+00,2026-06-05 15:29:39.629857+00,648,null,null,null,null,null,Cashmere,null,null,null,2,Sweater Dress,null,Tiff,[],"'648':11B 'bell':3A 'blue':7A 'cashmer':2A 'dress':5A 'mini':4A 'navi':6A 'reform':1A,10B 'size':8A 'small':9A",{},null,null,null,null,null,null,null,null,null,false,false,{},null,null,{},false
906c7a65-9f54-4576-80f5-e8a2fd7bb1f6,c55c2414-7e0b-4431-944e-c0a16887bf31,Joseph Ribkoff Black/Multi Abstract Print Blazer Jacket Size 2,Joseph Ribkoff,null,null,2,Black,9.7,null,null,null,listed,null,null,2026-06-05 03:13:32.448713+00,2026-06-05 15:29:36.783249+00,647,null,null,null,null,null,Polyester,null,null,null,2,Basic Jacket,null,Dan,[],"'2':9A '647':12B 'abstract':4A 'black/multi':3A 'blazer':6A 'jacket':7A 'joseph':1A,10B 'print':5A 'ribkoff':2A,11B 'size':8A",{},null,null,null,null,null,null,null,null,null,false,false,{},null,null,{},false
62ba11a5-d089-4d99-97d8-8cacb2ba2db9,c55c2414-7e0b-4431-944e-c0a16887bf31,Poncho Plaid Slim Fit Western Snap Button-Up Shirt — XL,null,null,null,null,null,5.99,null,null,null,sold,null,null,2026-06-05 03:13:31.609222+00,2026-06-16 20:59:45.105927+00,646,null,null,null,null,null,null,null,null,null,2,null,null,Dan,[],'646':12B 'button':8A 'button-up':7A 'fit':4A 'plaid':2A 'poncho':1A 'shirt':10A 'slim':3A 'snap':6A 'western':5A 'xl':11A,{},null,null,null,null,null,null,null,null,null,false,false,{},null,null,{},false
fe06efe5-ce41-4f66-8ccf-f45d234ef7e9,c55c2414-7e0b-4431-944e-c0a16887bf31,Rag & Bone Polo Shirt Men's M Large Slim Fit Grey Hi Low Hem Cotton Blend Golf,rag & bone,null,null,M,Gray,5.5,null,null,null,listed,null,null,2026-06-05 03:13:31.185103+00,2026-06-05 15:29:35.582706+00,645,null,null,null,null,null,Cotton,null,null,null,null,null,null,Dan,[],"'645':20B 'blend':16A 'bone':2A,19B 'cotton':15A 'fit':10A 'golf':17A 'grey':11A 'hem':14A 'hi':12A 'larg':8A 'low':13A 'm':7A 'men':5A 'polo':3A 'rag':1A,18B 'shirt':4A 'slim':9A",{},null,null,null,null,null,null,null,null,null,false,false,{},null,null,{},false
839117cc-8cff-49ae-8de9-664b41197205,c55c2414-7e0b-4431-944e-c0a16887bf31,Toad & Co Women's Mock Neck Sweatshirt Pullover M Blue Green Hemp Organic Cotton,Toad&Co,null,null,M,Blue,5.5,null,null,null,listed,null,null,2026-06-05 03:13:30.842469+00,2026-06-05 15:29:00.290932+00,644,null,null,null,null,null,Cotton Blend,null,null,null,3,Pullover,null,Tiff,[],"'644':17B 'blue':10A 'co':2A,16B 'cotton':14A 'green':11A 'hemp':12A 'm':9A 'mock':5A 'neck':6A 'organ':13A 'pullov':8A 'sweatshirt':7A 'toad':1A,15B 'women':3A",{},null,null,null,null,null,null,null,null,null,false,false,{},null,null,{},false
aee9187d-76f2-4f96-8e97-65171b9c914f,c55c2414-7e0b-4431-944e-c0a16887bf31,Mackage Krys Unisex Chenille Velvet Logo Embroidered Hoodie in Pink Medium,Mackage,null,null,S,Pink,6.99,null,null,null,listed,null,null,2026-06-05 03:13:30.557689+00,2026-06-05 15:28:53.626331+00,643,null,null,null,null,null,Polyester,null,null,null,6,Pullover,null,Tiff,[],"'643':13B 'chenill':4A 'embroid':7A 'hoodi':8A 'krys':2A 'logo':6A 'mackag':1A,12B 'medium':11A 'pink':10A 'unisex':3A 'velvet':5A",{},null,null,null,null,null,null,null,null,null,false,false,{},null,null,{},false
bd448229-1157-49bc-940b-4f2f162dbe55,c55c2414-7e0b-4431-944e-c0a16887bf31,St John Sport Jacket Women's Sz P Pink Corduroy Full Zip Collared Button Cuffs,St. John Sport,null,null,PP,Pink,null,null,null,null,listed,null,null,2026-06-05 03:13:29.964042+00,2026-06-05 15:28:50.919059+00,642,null,null,null,null,null,Cotton Blend,null,null,null,6,Basic Jacket,null,Tiff,[],"'642':19B 'button':14A 'collar':13A 'corduroy':10A 'cuff':15A 'full':11A 'jacket':4A 'john':2A,17B 'p':8A 'pink':9A 'sport':3A,18B 'st':1A,16B 'sz':7A 'women':5A 'zip':12A",{},null,null,null,null,null,null,null,null,null,false,false,{},null,null,{},false
0f6bc33a-6eac-4411-9291-5f5e70621370,c55c2414-7e0b-4431-944e-c0a16887bf31,Lululemon Men's Evolution Polo Shirt Sz L Grey Short Sleeve Performance Athletic,Lululemon,null,null,L,Gray,6.99,null,null,null,listed,null,null,2026-06-05 03:13:29.746923+00,2026-06-05 15:28:49.304979+00,641,null,null,null,null,null,Polyester,null,null,null,null,null,null,Tiff,[],"'641':15B 'athlet':13A 'evolut':4A 'grey':9A 'l':8A 'lululemon':1A,14B 'men':2A 'perform':12A 'polo':5A 'shirt':6A 'short':10A 'sleev':11A 'sz':7A",{},null,null,null,null,null,null,null,null,null,false,false,{},null,null,{},false
1832e05b-5c6f-46f3-9a3d-04c9d90623b8,c55c2414-7e0b-4431-944e-c0a16887bf31,AKRIS Punto 100% Wool Open Knit Red Collar Short Sleeve Button Cardigan Size 2,AKRIS Punto,null,null,2,Red,4.83,null,null,null,listed,null,null,2026-06-05 03:13:29.501488+00,2026-06-05 15:30:04.41259+00,640,null,null,null,null,null,Wool,null,null,null,2,Cardigan,null,Tiff,"[{""notes"":""https://www.ebay.com/itm/389822644350?mkcid=16&mkevt=1&mkrid=711-127632-2357-0&ssspo=rofvuiayr42&sssrc=4429486&ssuid=ISyWa66jSsq&stype=1&var=&widget_ver=artemis&media=MORE"",""price"":0}]","'100':3A '2':14A '640':17B 'akri':1A,15B 'button':11A 'cardigan':12A 'collar':8A 'knit':6A 'open':5A 'punto':2A,16B 'red':7A 'short':9A 'size':13A 'sleev':10A 'wool':4A",{},null,null,null,null,null,null,null,null,null,false,false,{},null,null,{},false
400be6d5-2c24-4a1d-895e-ceade6d49850,c55c2414-7e0b-4431-944e-c0a16887bf31,Peter Millar Men's Twisted Merino Wool Blend Quarter Zip Sweater XLarge Blue,Peter Millar,null,null,XL,Blue,5.5,null,null,null,listed,null,null,2026-06-05 03:13:29.039376+00,2026-06-05 15:28:48.088911+00,639,null,null,null,null,null,Cotton,null,null,null,4,Pullover,null,Tiff,[],"'639':16B 'blend':8A 'blue':13A 'men':3A 'merino':6A 'millar':2A,15B 'peter':1A,14B 'quarter':9A 'sweater':11A 'twist':5A 'wool':7A 'xlarg':12A 'zip':10A",{},null,null,null,null,null,null,null,null,null,false,false,{},null,null,{},false
14faa1c5-1c0f-49e3-bbfb-8a44e1a316ea,c55c2414-7e0b-4431-944e-c0a16887bf31,Lululemon Women's White Oxford Button Down Shirt Size M,Lululemon,null,null,M,White,5.5,null,null,null,listed,null,null,2026-06-05 03:13:28.299249+00,2026-06-05 15:28:42.198171+00,638,null,null,null,null,null,Cotton,null,null,null,3,null,null,Tiff,[],"'638':12B 'button':6A 'lululemon':1A,11B 'm':10A 'oxford':5A 'shirt':8A 'size':9A 'white':4A 'women':2A",{},null,null,null,null,null,null,null,null,null,false,false,{},null,null,{},false
b7da4b61-3d16-44e4-930a-67179e8e80aa,c55c2414-7e0b-4431-944e-c0a16887bf31,By Anthropologie Women's Blossom Bubble Tank Top Peach Color Size Small,Anthropologie,null,null,S,Pink,19.99,null,null,null,listed,null,null,2026-06-05 03:13:27.894625+00,2026-06-05 15:28:39.432857+00,637,null,null,null,null,null,null,null,null,null,6,Basic,null,Tiff,[],"'637':14B 'anthropologi':2A,13B 'blossom':5A 'bubbl':6A 'color':10A 'peach':9A 'size':11A 'small':12A 'tank':7A 'top':8A 'women':3A",{},null,null,null,null,null,null,null,null,null,false,false,{},null,null,{},false
65b47c3a-018f-4b36-b900-0c7e2b746201,c55c2414-7e0b-4431-944e-c0a16887bf31,Athleta Transcend V Neck Rib Crop Sports Bra A-C Sz L Powder Blue,Athleta,null,null,L,Blue,4.99,null,null,null,sold,null,null,2026-06-05 03:13:27.470082+00,2026-06-16 20:59:34.505091+00,636,null,null,null,null,null,Spandex,null,null,null,6,Cropped,null,Tiff,[],"'636':17B 'a-c':9A 'athleta':1A,16B 'blue':15A 'bra':8A 'c':11A 'crop':6A 'l':13A 'neck':4A 'powder':14A 'rib':5A 'sport':7A 'sz':12A 'transcend':2A 'v':3A",{},null,null,null,null,null,null,null,null,null,false,false,{},null,null,{},false
ad2ad2b2-b42d-4f68-8a4f-5dbb1eb9cecf,c55c2414-7e0b-4431-944e-c0a16887bf31,LACOSTE Men's V-neck Pima Cotton Regular Fit T-shirt Size Small,Lacoste,null,null,S,Blue,3.49,null,null,null,listed,null,null,2026-06-05 03:13:27.074705+00,2026-06-05 15:28:36.896388+00,635,null,null,null,null,null,Cotton,null,null,null,6,null,null,Dan,[],"'635':17B 'cotton':8A 'fit':10A 'lacost':1A,16B 'men':2A 'neck':6A 'pima':7A 'regular':9A 'shirt':13A 'size':14A 'small':15A 't-shirt':11A 'v':5A 'v-neck':4A",{},null,null,null,null,null,null,null,null,null,false,false,{},null,null,{},false
f33304ab-252b-4c95-b4b3-ad03ab966912,c55c2414-7e0b-4431-944e-c0a16887bf31,L'AGENCE Women's Cosette Metallic Stripe Crop Shirt Size XS/T,L'Agence,null,null,XS,Black,null,null,null,null,listed,null,null,2026-06-05 03:13:26.843685+00,2026-06-05 15:30:42.330113+00,634,null,null,null,null,null,Nylon,null,null,null,4,Basic,null,Tiff,[],"'634':14B 'agenc':2A,13B 'cosett':5A 'crop':8A 'l':1A,12B 'metal':6A 'shirt':9A 'size':10A 'stripe':7A 'women':3A 'xs/t':11A",{},null,null,null,null,null,null,null,null,null,false,false,{},null,null,{},false
cc46cf0c-812c-44bc-8c85-6e0f5ba029c0,c55c2414-7e0b-4431-944e-c0a16887bf31,Trovata Birds Of Paradise Green Geometric Button Up Long Sleeve Shirt XSmall,Trovata,null,null,XS,Green,4.83,null,null,null,listed,null,null,2026-06-05 03:13:26.360234+00,2026-06-05 15:28:34.402681+00,633,null,null,null,null,null,Cotton,null,null,null,4,Basic,null,Tiff,[],"'633':14B 'bird':2A 'button':7A 'geometr':6A 'green':5A 'long':9A 'paradis':4A 'shirt':11A 'sleev':10A 'trovata':1A,13B 'xsmall':12A",{},null,null,null,null,null,null,null,null,null,false,false,{},null,null,{},false
eb906403-737a-4904-abd6-a40190e6a948,c55c2414-7e0b-4431-944e-c0a16887bf31,Canali Full Zip 100% Cotton Pullover Sweater Made In Italy Size 50 M/L,null,null,null,null,null,5.5,null,null,null,sold,null,null,2026-06-05 03:13:26.08726+00,2026-06-16 20:59:53.304909+00,632,null,null,null,null,null,null,null,null,null,null,null,null,Tiff,[],'100':4A '50':12A '632':14B 'canali':1A 'cotton':5A 'full':2A 'itali':10A 'm/l':13A 'made':8A 'pullov':6A 'size':11A 'sweater':7A 'zip':3A,{},null,null,null,null,null,null,null,null,null,false,false,{},null,null,{},false
a33744c6-b71c-41b4-8d7f-42225c46ca54,c55c2414-7e0b-4431-944e-c0a16887bf31,Johnny Was Monroe Embroidered Blouse Top Women's S Gray Rayon Tunic Boho Cottage,Johnny Was,null,null,S,Gray,4.83,null,null,null,listed,null,null,2026-06-05 03:13:25.827151+00,2026-06-05 15:28:27.613877+00,631,null,null,null,null,null,Rayon,null,null,null,4,Tunic,null,Tiff,[],"'631':17B 'blous':5A 'boho':13A 'cottag':14A 'embroid':4A 'gray':10A 'johnni':1A,15B 'monro':3A 'rayon':11A 'top':6A 'tunic':12A 'women':7A",{},null,null,null,null,null,null,null,null,null,false,false,{},null,null,{},false
a8046647-7c4f-4735-89f0-e1a43f8f90b7,c55c2414-7e0b-4431-944e-c0a16887bf31,Free People We The Clemente Crochet Lace Sleeve White Top Mock Neck Sz M Boho,Free People,null,null,M,White,5.5,null,null,null,listed,null,null,2026-06-05 03:13:25.510905+00,2026-06-05 15:28:26.401809+00,630,null,null,null,null,null,Cotton Blend,null,null,null,4,Basic,null,Tiff,[],"'630':18B 'boho':15A 'clement':5A 'crochet':6A 'free':1A,16B 'lace':7A 'm':14A 'mock':11A 'neck':12A 'peopl':2A,17B 'sleev':8A 'sz':13A 'top':10A 'white':9A",{},null,null,null,null,null,null,null,null,null,false,false,{},null,null,{},false
5423e560-acfd-4e5c-9a92-f05fed0c2b09,c55c2414-7e0b-4431-944e-c0a16887bf31,Lululemon Scuba Oversized Half-Zip Hoodie in Strawberry Milkshake XS/S,null,null,null,null,null,16.1,null,null,null,sold,null,null,2026-06-05 03:13:25.055022+00,2026-06-16 20:59:53.945415+00,629,null,null,null,null,null,null,null,null,null,null,null,null,Tiff,[],'629':12B 'half':5A 'half-zip':4A 'hoodi':7A 'lululemon':1A 'milkshak':10A 'overs':3A 'scuba':2A 'strawberri':9A 'xs/s':11A 'zip':6A,{},null,null,null,null,null,null,null,null,null,false,false,{},null,null,{},false
450fe270-8829-4883-bd9b-078d23fcb4da,c55c2414-7e0b-4431-944e-c0a16887bf31,Vintage Ermenegildo Zegna Sweater Men's L/52 Charcoal Wool Knit Pullover,null,null,null,null,null,5.5,null,null,null,sold,null,null,2026-06-05 03:13:24.54106+00,2026-06-16 20:59:50.109044+00,628,null,null,null,null,null,null,null,null,null,null,null,null,Tiff,[],'628':12B 'charcoal':8A 'ermenegildo':2A 'knit':10A 'l/52':7A 'men':5A 'pullov':11A 'sweater':4A 'vintag':1A 'wool':9A 'zegna':3A,{},null,null,null,null,null,null,null,null,null,false,false,{},null,null,{},false
6c7f8bd4-17e0-4926-b9b9-5fdf3bf2e5b6,c55c2414-7e0b-4431-944e-c0a16887bf31,Sundance Catalog 100% Cashmere Heathered Gray “Beloved Pullover” Sz XSmall,Sundance,null,null,XS,Gray,null,null,null,null,listed,null,null,2026-06-05 03:13:23.483461+00,2026-06-05 15:28:24.801858+00,627,null,null,null,null,null,Cashmere,null,null,null,6,Pullover,null,Tiff,[],"'100':3A '627':12B 'belov':7A 'cashmer':4A 'catalog':2A 'gray':6A 'heather':5A 'pullov':8A 'sundanc':1A,11B 'sz':9A 'xsmall':10A",{},null,null,null,null,null,null,null,null,null,false,false,{},null,null,{},false
39ea5d05-0feb-47b8-b7f4-7c38c8338ed0,c55c2414-7e0b-4431-944e-c0a16887bf31,Vintage 90s Gant Black Hand Framed Sweater Vest Size XL Ribbed Sleeveless,GANT,null,null,XL,Black,1.8,null,null,null,listed,null,null,2026-06-05 03:13:22.690276+00,2026-06-05 15:28:23.485024+00,626,null,null,null,null,null,Cotton,null,null,null,6,Vest,null,Dan,[],"'626':14B '90s':2A 'black':4A 'frame':6A 'gant':3A,13B 'hand':5A 'rib':11A 'size':9A 'sleeveless':12A 'sweater':7A 'vest':8A 'vintag':1A 'xl':10A",{},null,null,null,null,null,null,null,null,null,false,false,{},null,null,{},false
ffaa7928-133c-4488-8158-2403087d175b,c55c2414-7e0b-4431-944e-c0a16887bf31,Veronica Beard Mahalia Light Blue Cashmere Sleeveless Sweater Sz XSmall,Veronica Beard,null,null,XS,Blue,4.83,null,null,null,listed,null,null,2026-06-05 03:13:22.34765+00,2026-06-05 15:27:32.288963+00,625,null,null,null,null,null,Cashmere,null,null,null,6,Pullover,null,null,[],"'625':13B 'beard':2A,12B 'blue':5A 'cashmer':6A 'light':4A 'mahalia':3A 'sleeveless':7A 'sweater':8A 'sz':9A 'veronica':1A,11B 'xsmall':10A",{},null,null,null,null,null,null,null,null,null,false,false,{},null,null,{},false
eff89c15-69e9-4afe-8a7c-19f970fb30b8,c55c2414-7e0b-4431-944e-c0a16887bf31,Lovers And Friends Women's Front to Back Wrap Strap Shirt Size Small,Revolve,null,null,S,Black,7.5,null,null,null,listed,null,null,2026-06-05 03:13:21.861865+00,2026-06-05 15:27:30.791238+00,624,null,null,null,null,null,Viscose,null,null,null,6,Tunic,null,Tiff,[],'624':15B 'back':8A 'friend':3A 'front':6A 'lover':1A 'revolv':14B 'shirt':11A 'size':12A 'small':13A 'strap':10A 'women':4A 'wrap':9A,{},null,null,null,null,null,null,null,null,null,false,false,{},null,null,{},false
a1d6c969-1c7d-4e63-a73f-dbac0c50c9bc,c55c2414-7e0b-4431-944e-c0a16887bf31,Nic + Zoe Black Open Front Cardigan Sweater Size Medium*,Nic + Zoe,null,null,M,Black,null,null,null,null,listed,null,null,2026-06-05 03:13:21.239629+00,2026-06-05 15:27:29.526464+00,623,null,null,null,null,null,Cotton,null,null,null,6,Cardigan,null,Tiff,[],"'623':12B 'black':3A 'cardigan':6A 'front':5A 'medium':9A 'nic':1A,10B 'open':4A 'size':8A 'sweater':7A 'zoe':2A,11B",{},null,null,null,null,null,null,null,null,null,false,false,{},null,null,{},false
de82448f-1cb3-4618-81f1-110c036e2337,c55c2414-7e0b-4431-944e-c0a16887bf31,Beyond Yoga Women's Heather Rib Take A Hike Zip Pullover Orange Rust Size Medium,Beyond Yoga,null,null,M,Orange,5.5,null,null,null,listed,null,null,2026-06-05 03:13:20.455519+00,2026-06-05 15:27:27.188805+00,622,null,null,null,null,null,Polyester,null,null,null,6,Pullover,null,Tiff,[],"'622':18B 'beyond':1A,16B 'heather':5A 'hike':9A 'medium':15A 'orang':12A 'pullov':11A 'rib':6A 'rust':13A 'size':14A 'take':7A 'women':3A 'yoga':2A,17B 'zip':10A",{},null,null,null,null,null,null,null,null,null,false,false,{},null,null,{},false
f0dc5abd-7c36-4e95-817b-ca4e32455783,c55c2414-7e0b-4431-944e-c0a16887bf31,Veronica Beard Women’s Black/Ivory Striped Cashmere Button Front Sweater Size XS,Veronica Beard,null,null,XS,Black,4.83,null,null,null,listed,null,null,2026-06-05 03:13:19.760661+00,2026-06-05 15:27:25.998739+00,621,null,null,null,null,null,Cashmere,null,null,null,6,Cardigan,null,Tiff,[],"'621':15B 'beard':2A,14B 'black/ivory':5A 'button':8A 'cashmer':7A 'front':9A 'size':11A 'stripe':6A 'sweater':10A 'veronica':1A,13B 'women':3A 'xs':12A",{},null,null,null,null,null,null,null,null,null,false,false,{},null,null,{},false
6df5a4e7-e32b-4049-8ebc-ef13c655585c,c55c2414-7e0b-4431-944e-c0a16887bf31,Brooks Brothers Men's Large Short Sleeve Button Up Shirt Multicolor Pure Cotton,Brooks Brothers,null,null,L,Multicolor,9.99,null,null,null,listed,null,null,2026-06-05 03:13:19.278454+00,2026-06-05 15:27:21.912034+00,620,null,null,null,null,null,Cotton,null,null,null,6,null,null,Dan,[],"'620':16B 'brook':1A,14B 'brother':2A,15B 'button':8A 'cotton':13A 'larg':5A 'men':3A 'multicolor':11A 'pure':12A 'shirt':10A 'short':6A 'sleev':7A",{},null,null,null,null,null,null,null,null,null,false,false,{},null,null,{},false
ab4ae74f-185c-4ffc-90f0-d729adf6220d,c55c2414-7e0b-4431-944e-c0a16887bf31,Scotch & Soda Shirt Men's Medium Navy Blue Button Down Tailored Fit,Scotch & Soda,null,null,M,Blue,5.64,null,null,null,listed,null,null,2026-06-05 03:13:18.952958+00,2026-06-05 15:27:19.109254+00,619,null,null,null,null,null,Cotton,null,null,null,6,null,null,Dan,[],"'619':15B 'blue':8A 'button':9A 'fit':12A 'medium':6A 'men':4A 'navi':7A 'scotch':1A,13B 'shirt':3A 'soda':2A,14B 'tailor':11A",{},null,null,null,null,null,null,null,null,null,false,false,{},null,null,{},false
99286e56-2a47-46a8-a5dc-d5a95393abdc,c55c2414-7e0b-4431-944e-c0a16887bf31,Anthropologie Maeve The Colette Women's Wide Leg Pants 32 Olive Green High Rise,Anthropologie,null,null,32,Green,5.64,null,null,null,listed,null,null,2026-06-05 03:13:18.663593+00,2026-06-08 13:21:47.107382+00,618,null,null,null,null,null,Cotton,null,null,null,null,Cropped,null,Tiff,[],"'32':10A '618':16B 'anthropologi':1A,15B 'colett':4A 'green':12A 'high':13A 'leg':8A 'maev':2A 'oliv':11A 'pant':9A 'rise':14A 'wide':7A 'women':5A",{},null,null,null,null,null,null,null,null,null,false,false,{},null,null,{},false
5a2b4021-897f-415e-87fd-452070e4d6de,c55c2414-7e0b-4431-944e-c0a16887bf31,Free People Callie White Puff Sleeve Appliqué Blouse With Open Back. Sz. Medium,Free People,null,null,M,White,5.99,null,null,null,listed,null,null,2026-06-05 03:13:18.365267+00,2026-06-05 15:27:15.691866+00,617,null,null,null,null,null,null,null,null,null,2,null,null,Tiff,[],"'617':16B 'appliqué':7A 'back':11A 'blous':8A 'calli':3A 'free':1A,14B 'medium':13A 'open':10A 'peopl':2A,15B 'puff':5A 'sleev':6A 'sz':12A 'white':4A",{},null,null,null,null,null,null,null,null,null,false,false,{},null,null,{},false