id,inventory_item_id,platform,platform_listing_id,listing_url,listing_price,listed_at,is_active,notes,created_at,updated_at,listing_title,listing_description,listing_status,watchers,views,search_vec,primary_photo_id,badge_enabled,platform_offer_id,platform_category_id,batch_id,scheduled_publish_at,publish_error,publish_failed_at,ebay_condition,ebay_condition_description,item_specifics_override,return_policy_id,shipping_policy_id,payment_policy_id,quantity,best_offer_enabled,synced_to_ebay_at,price_is_estimated,publish_claimed_at,ai_confidence,ai_field_confidence,needs_review,platform_fields,platform_fields_generated_at,source_of_truth,promo_rate_pct,views_total,watchers_count,impressions_7d,click_through_rate,last_metrics_synced_at,view_trend_7d,best_offer_auto_accept_cents,best_offer_auto_decline_cents,listing_format,auction_start_price_cents,auction_reserve_price_cents,auction_buy_it_now_price_cents,auction_duration,variations,delist_requested_at,slab_image_mode,item_specifics_sources,aspect_review,moderation_hidden,price_range_low_cents,price_range_high_cents,price_confidence,price_comp_source,user_id,promo_opt_out,promo_campaign_id,promo_ad_id,promo_status,promo_ad_fees_cents,promo_synced_at,title_variants,active_title_variant,demand_terms,ai_generated_snapshot,ai_prompt_version,listing_origin
bf303dc1-5d8e-4467-ae33-2977946042b7,dc0c30ed-9548-4f32-987f-6e4dc1e55f14,ebay,327232882202,https://www.ebay.com/itm/327232882202,45.5,2026-06-26 03:35:08.465+00,true,null,2026-06-26 02:44:39.854832+00,2026-06-26 03:35:11.510146+00,Vuori Women's Jogger Sweatpants Size M Gray Recycled Polyester Drawstring,"Vuori jogger-style sweatpants in a heathered gray colorway. Made from 89% recycled polyester and 11% elastane for a soft, stretchy feel. Features an elasticized waistband with a woven drawstring and ribbed ankle cuffs. Size M. Manufactured in Vietnam. Item appears in good used condition with no visible damage, staining, or heavy wear noted in the photos.

View the full condition certificate: https://gradethread.com/cert/36f28fad-1a88-4fc5-953f-1c8039eb9e72",active,0,0,"'/cert/36f28fad-1a88-4fc5-953f-1c8039eb9e72':77C '11':28C '89':24C 'ankl':45C 'appear':53C 'certif':74C 'colorway':21C 'condit':57C,73C 'cuff':46C 'damag':61C 'drawstr':11A,42C 'elastan':29C 'elastic':37C 'featur':35C 'feel':34C 'full':72C 'good':55C 'gradethread.com':76C 'gradethread.com/cert/36f28fad-1a88-4fc5-953f-1c8039eb9e72':75C 'gray':8A,20C 'heather':19C 'heavi':64C 'item':52C 'jogger':4A,14C 'jogger-styl':13C 'm':7A,48C 'made':22C 'manufactur':49C 'note':66C 'photo':69C 'polyest':10A,26C 'recycl':9A,25C 'rib':44C 'size':6A,47C 'soft':32C 'stain':62C 'stretchi':33C 'style':15C 'sweatpant':5A,16C 'use':56C 'vietnam':51C 'view':70C 'visibl':60C 'vuori':1A,12C 'waistband':38C 'wear':65C 'women':2A 'woven':41C",null,false,194588201011,260954,null,null,null,null,USED_EXCELLENT,null,null,null,null,null,1,false,2026-06-26 03:35:08.466+00,false,null,null,null,false,null,null,{},null,0,0,0,null,null,[],null,null,fixed_price,null,null,null,null,null,null,off,{},null,false,null,null,null,null,c55c2414-7e0b-4431-944e-c0a16887bf31,false,164590911012,null,failed,0,2026-06-26 03:35:11.489+00,null,A,null,null,null,gradethread
0f7972c2-be0a-4d14-943d-78952e11bf5d,3cd1d0ec-0dca-4d4d-8788-c4a19fb1e768,ebay,null,null,62.5,2026-06-26 02:41:11.993937+00,true,null,2026-06-26 02:41:11.993937+00,2026-06-26 03:37:26.64705+00,Magashoni 100% Cashmere Wrap Belted Cardigan Sweater – Dark Brown,"Luxurious 100% cashmere wrap-style cardigan sweater in a rich dark brown. Features a self-tie belt, long sleeves with ribbed cuffs, and a ribbed hem. The open-front wrap silhouette gives it a relaxed, elegant drape. Care label reads RN 86804 / CA 30427 — 100% Cashmere; hand wash in cold water with mild detergent, towel dry, reshape and lay flat; iron on mild heat or dry clean. Condition: pre-owned with light general wear; some lint/pilling visible on the surface consistent with cashmere use. No major damage noted.",draft,0,0,"'100':2A,11C,57C '30427':56C '86804':54C 'belt':5A,28C 'brown':9A,22C 'ca':55C 'cardigan':6A,16C 'care':50C 'cashmer':3A,12C,58C,96C 'clean':79C 'cold':62C 'condit':80C 'consist':94C 'cuff':33C 'damag':100C 'dark':8A,21C 'deterg':66C 'drape':49C 'dri':68C,78C 'eleg':48C 'featur':23C 'flat':72C 'front':41C 'general':86C 'give':44C 'hand':59C 'heat':76C 'hem':37C 'iron':73C 'label':51C 'lay':71C 'light':85C 'lint/pilling':89C 'long':29C 'luxuri':10C 'magashoni':1A 'major':99C 'mild':65C,75C 'note':101C 'open':40C 'open-front':39C 'own':83C 'pre':82C 'pre-own':81C 'read':52C 'relax':47C 'reshap':69C 'rib':32C,36C 'rich':20C 'rn':53C 'self':26C 'self-ti':25C 'silhouett':43C 'sleev':30C 'style':15C 'surfac':93C 'sweater':7A,17C 'tie':27C 'towel':67C 'use':97C 'visibl':90C 'wash':60C 'water':63C 'wear':87C 'wrap':4A,14C,42C 'wrap-styl':13C",null,false,null,null,null,null,"eBay rejected the listing. Re-check the category, condition, price, and required specifics, then try again.",2026-06-26 03:37:26.598+00,USED_VERY_GOOD,null,null,null,null,null,1,false,null,false,null,null,null,false,null,null,{},null,0,0,0,null,null,[],null,null,fixed_price,null,null,null,null,null,null,off,{},null,false,null,null,null,null,c55c2414-7e0b-4431-944e-c0a16887bf31,false,null,null,null,0,null,null,A,null,null,null,gradethread
eab2d2e6-bb83-4632-8a09-baf9482f9809,4e1c78d1-9557-4733-9538-34f958b56020,ebay,327232443716,https://www.ebay.com/itm/327232443716,41.5,2026-06-25 21:07:59.095+00,true,null,2026-06-25 21:07:44.527269+00,2026-06-25 21:08:00.087178+00,Lululemon Men's Khaki Chino Shorts Size 33,"Lululemon men's performance chino shorts in khaki/tan. Size 33 waist. Features a smooth, lightweight synthetic performance fabric, flat-front styling, button-and-zip fly closure, two front slash pockets, two back welt pockets, and belt loops. Great for golf, travel, or everyday wear.

Condition: Good used condition. No visible stains or tears. Minor surface scuffing on the metal button. Ready to wear.",active,0,0,"'33':8A,18C 'back':42C 'belt':46C 'button':32C,70C 'button-and-zip':31C 'chino':5A,13C 'closur':36C 'condit':55C,58C 'everyday':53C 'fabric':26C 'featur':20C 'flat':28C 'flat-front':27C 'fli':35C 'front':29C,38C 'golf':50C 'good':56C 'great':48C 'khaki':4A 'khaki/tan':16C 'lightweight':23C 'loop':47C 'lululemon':1A,9C 'men':2A,10C 'metal':69C 'minor':64C 'perform':12C,25C 'pocket':40C,44C 'readi':71C 'scuf':66C 'short':6A,14C 'size':7A,17C 'slash':39C 'smooth':22C 'stain':61C 'style':30C 'surfac':65C 'synthet':24C 'tear':63C 'travel':51C 'two':37C,41C 'use':57C 'visibl':60C 'waist':19C 'wear':54C,73C 'welt':43C 'zip':34C",null,false,194442581011,15689,null,null,null,null,USED_EXCELLENT,null,null,null,null,null,1,false,2026-06-25 21:07:59.095+00,false,null,null,null,false,null,null,{},null,0,0,0,null,null,[],null,null,fixed_price,null,null,null,null,null,null,off,{},null,false,null,null,null,null,c55c2414-7e0b-4431-944e-c0a16887bf31,false,164590911012,null,failed,0,2026-06-25 21:08:00.053+00,null,A,null,null,null,gradethread
857fdb19-e8a3-4274-8ddf-158a08f872e3,08752839-ff8a-4fcf-a0e6-2f14e592c1c1,ebay,327217292761,https://www.ebay.com/itm/327217292761,34.5,2026-06-17 01:15:46.78+00,true,null,2026-06-17 01:15:40.684065+00,2026-06-19 05:17:12.466898+00,Peruvian Connection Pima Cotton Modal V-Neck Sleeveless Tank Top XS Blue,"Peruvian Connection sleeveless V-neck tank top in a soft steel blue. Made from a luxurious blend of 51% Pima Cotton and 49% Modal for a silky, breathable feel. Size XS, made in Peru.

• Brand: Peruvian Connection
• Size: XS
• Color: Steel Blue
• Material: 51% Pima Cotton / 49% Modal
• Neckline: V-Neck
• Sleeve: Sleeveless
• Care: Hand wash cold, lay flat to dry, low iron or dry clean
• Country of Manufacture: Peru

Condition: Good pre-owned condition — no visible stains, holes, or damage observed.",active,0,0,"'49':37C,61C '51':33C,58C 'blend':31C 'blue':13A,26C,56C 'brand':49C 'breathabl':42C 'care':69C 'clean':81C 'cold':72C 'color':54C 'condit':86C,91C 'connect':2A,15C,51C 'cotton':4A,35C,60C 'countri':82C 'damag':97C 'dri':76C,80C 'feel':43C 'flat':74C 'good':87C 'hand':70C 'hole':95C 'iron':78C 'lay':73C 'low':77C 'luxuri':30C 'made':27C,46C 'manufactur':84C 'materi':57C 'modal':5A,38C,62C 'neck':8A,19C,66C 'necklin':63C 'observ':98C 'own':90C 'peru':48C,85C 'peruvian':1A,14C,50C 'pima':3A,34C,59C 'pre':89C 'pre-own':88C 'silki':41C 'size':44C,52C 'sleev':67C 'sleeveless':9A,16C,68C 'soft':24C 'stain':94C 'steel':25C,55C 'tank':10A,20C 'top':11A,21C 'v':7A,18C,65C 'v-neck':6A,17C,64C 'visibl':93C 'wash':71C 'xs':12A,45C,53C",null,false,188736930011,53159,null,null,null,null,USED_EXCELLENT,null,null,null,null,null,1,false,2026-06-17 01:15:46.78+00,false,null,null,null,false,null,null,{},null,0,0,0,null,null,[],null,null,fixed_price,null,null,null,null,null,null,off,{},null,false,null,null,null,null,c55c2414-7e0b-4431-944e-c0a16887bf31,false,164590911012,null,failed,0,2026-06-17 01:15:47.702+00,null,A,null,null,null,gradethread
36ae4095-b896-4bcc-ab5d-9a902a9cdb9b,c50c0085-1e9c-436a-843d-f6872067391f,ebay,327217091560,https://www.ebay.com/itm/327217091560,92.5,2026-06-16 22:51:46.983+00,true,null,2026-06-16 22:51:40.710814+00,2026-06-19 05:17:12.466898+00,ba&sh Lady Pullover Wool Yak Blend Sweater in Mauve — Size 1 US Sm,"ba&sh 'Lady Pullover' knit sweater in a rich mauve heather. Crafted from a luxurious 72% Wool / 28% Yak blend for warmth and softness. Features a crew/mock neck, puff-shoulder long sleeves, ribbed cuffs and hem, and a centre-front seam detail. Size 1 (French sizing, fits approx. XS–S). Made in China.

Condition: Good used condition. Light pilling on the body consistent with normal wear. There is a small snag/hole on the ribbed hem band (see defect photo). Please review all photos before purchasing.",active,0,0,"'1':12A,60C '28':32C '72':30C 'approx':64C 'ba':1A,15C 'band':92C 'blend':7A,34C 'bodi':78C 'centr':55C 'centre-front':54C 'china':69C 'condit':70C,73C 'consist':79C 'craft':26C 'crew/mock':41C 'cuff':49C 'defect':94C 'detail':58C 'featur':39C 'fit':63C 'french':61C 'front':56C 'good':71C 'heather':25C 'hem':51C,91C 'knit':19C 'ladi':3A,17C 'light':74C 'long':46C 'luxuri':29C 'made':67C 'mauv':10A,24C 'neck':42C 'normal':81C 'photo':95C,99C 'pill':75C 'pleas':96C 'puff':44C 'puff-should':43C 'pullov':4A,18C 'purchas':101C 'review':97C 'rib':48C,90C 'rich':23C 'seam':57C 'see':93C 'sh':2A,16C 'shoulder':45C 'size':11A,59C,62C 'sleev':47C 'sm':14A 'small':86C 'snag/hole':87C 'soft':38C 'sweater':8A,20C 'us':13A 'use':72C 'warmth':36C 'wear':82C 'wool':5A,31C 'xs':65C 'yak':6A,33C",null,false,188679718011,63866,null,null,null,null,USED_EXCELLENT,null,null,null,null,null,1,false,2026-06-16 22:51:46.983+00,false,null,null,null,false,null,null,{},null,0,0,0,null,null,[],null,null,fixed_price,null,null,null,null,null,null,off,{},null,false,null,null,null,null,c55c2414-7e0b-4431-944e-c0a16887bf31,false,164590911012,null,failed,0,2026-06-16 22:51:47.914+00,null,A,null,null,null,gradethread
56b2c012-d35a-4076-9ff0-e17e60f9a903,f1e966f3-87df-4c93-bce5-cd93cd05d92d,ebay,327217081204,https://www.ebay.com/itm/327217081204,38.5,2026-06-16 22:46:13.179+00,true,null,2026-06-16 22:46:06.297234+00,2026-06-19 05:17:12.466898+00,"Madewell Ribbed Alpaca-Blend Button-Front Cardigan Sweater – Blue, Size S","Madewell Ribbed Alpaca-Blend Button-Front Cardigan in a heathered blue. Made from a luxuriously soft 62% Alpaca / 38% Polyamide blend, this long-sleeve ribbed cardigan features mother-of-pearl style buttons down the front and a crew/round neckline. Size S, Made in China (Fair Trade Certified Factory).

Condition: Good used condition. Light surface fuzz and minor pilling consistent with normal wear to the alpaca fabric. No holes, stains, or structural damage noted. Dry clean only per care label.",active,0,0,"'38':33C '62':31C 'alpaca':4A,16C,32C,81C 'alpaca-blend':3A,15C 'blend':5A,17C,35C 'blue':11A,25C 'button':7A,19C,48C 'button-front':6A,18C 'cardigan':9A,21C,41C 'care':94C 'certifi':63C 'china':60C 'clean':91C 'condit':65C,68C 'consist':75C 'crew/round':54C 'damag':88C 'dri':90C 'fabric':82C 'factori':64C 'fair':61C 'featur':42C 'front':8A,20C,51C 'fuzz':71C 'good':66C 'heather':24C 'hole':84C 'label':95C 'light':69C 'long':38C 'long-sleev':37C 'luxuri':29C 'made':26C,58C 'madewel':1A,13C 'minor':73C 'mother':44C 'mother-of-pearl':43C 'necklin':55C 'normal':77C 'note':89C 'pearl':46C 'per':93C 'pill':74C 'polyamid':34C 'rib':2A,14C,40C 'size':12A,56C 'sleev':39C 'soft':30C 'stain':85C 'structur':87C 'style':47C 'surfac':70C 'sweater':10A 'trade':62C 'use':67C 'wear':78C",null,false,188677583011,63866,null,null,null,null,USED_EXCELLENT,null,null,null,null,null,1,false,2026-06-16 22:46:13.179+00,false,null,null,null,false,null,null,{},null,0,0,0,null,null,[],null,null,fixed_price,null,null,null,null,null,null,off,{},null,false,null,null,null,null,c55c2414-7e0b-4431-944e-c0a16887bf31,false,164590911012,null,failed,0,2026-06-16 22:46:13.899+00,null,A,null,null,null,gradethread
aad5cc10-a8cc-4275-8ae3-591123257fba,536d05d6-52b8-4992-8335-27c1f8c592f2,ebay,327217079082,https://www.ebay.com/itm/327217079082,42.5,2026-06-16 22:42:37.812+00,true,null,2026-06-16 22:42:32.687435+00,2026-06-19 05:17:12.466898+00,Lauren Ralph Lauren Women's Cable Knit Crewneck Sweater with Gold Crest Emblem –,"Lauren Ralph Lauren Women's Cable Knit Crewneck Sweater in charcoal gray, size XS. Features an all-over cable knit pattern and a decorative gold bullion crest emblem on the left chest. Made from 58% cotton and 42% viscose. Made in China.

Condition: Good pre-owned condition. The knit body is clean with no holes or stains. The gold crest patch has minor fuzz on the felt backing but is fully intact and securely attached.",active,0,0,"'42':52C '58':49C 'all-ov':30C 'attach':90C 'back':83C 'bodi':65C 'bullion':40C 'cabl':6A,19C,33C 'charcoal':24C 'chest':46C 'china':56C 'clean':67C 'condit':57C,62C 'cotton':50C 'crest':12A,41C,75C 'crewneck':8A,21C 'decor':38C 'emblem':13A,42C 'featur':28C 'felt':82C 'fulli':86C 'fuzz':79C 'gold':11A,39C,74C 'good':58C 'gray':25C 'hole':70C 'intact':87C 'knit':7A,20C,34C,64C 'lauren':1A,3A,14C,16C 'left':45C 'made':47C,54C 'minor':78C 'own':61C 'patch':76C 'pattern':35C 'pre':60C 'pre-own':59C 'ralph':2A,15C 'secur':89C 'size':26C 'stain':72C 'sweater':9A,22C 'viscos':53C 'women':4A,17C 'xs':27C",null,false,188676112011,63866,null,null,null,null,USED_EXCELLENT,null,null,null,null,null,1,false,2026-06-16 22:42:37.812+00,false,null,null,null,false,null,null,{},4.00,0,0,0,null,null,[],null,null,fixed_price,null,null,null,null,null,null,off,{},null,false,null,null,null,null,c55c2414-7e0b-4431-944e-c0a16887bf31,false,164590911012,null,active,0,2026-06-16 22:42:38.371+00,null,A,null,null,null,gradethread
7e1e9b46-b84b-4ab2-8510-9c70e5e8fc9d,639aff08-e71c-49eb-827e-b966393206da,ebay,327217076108,https://www.ebay.com/itm/327217076108,42.5,2026-06-16 22:37:36.418+00,true,null,2026-06-16 22:37:31.431402+00,2026-06-19 05:17:12.466898+00,Greyson Men's Gray Performance Golf Pants Size 34,"Greyson Men's Performance Golf Pants in slate gray — a premium athletic trouser from the luxury golf brand. Size 34 waist. Made from a smooth, lightweight synthetic performance fabric with a refined look. Features include a flat front, zip fly, side slash pockets, zippered back pockets, and adjustable button tabs at the hem. Made in China.

Condition: Excellent used condition. No visible stains, tears, or signs of wear — only light storage creases.",active,0,0,"'34':9A,29C 'adjust':57C 'athlet':21C 'back':54C 'brand':27C 'button':58C 'china':65C 'condit':66C,69C 'creas':81C 'excel':67C 'fabric':38C 'featur':43C 'flat':46C 'fli':49C 'front':47C 'golf':6A,14C,26C 'gray':4A,18C 'greyson':1A,10C 'hem':62C 'includ':44C 'light':79C 'lightweight':35C 'look':42C 'luxuri':25C 'made':31C,63C 'men':2A,11C 'pant':7A,15C 'perform':5A,13C,37C 'pocket':52C,55C 'premium':20C 'refin':41C 'side':50C 'sign':75C 'size':8A,28C 'slash':51C 'slate':17C 'smooth':34C 'stain':72C 'storag':80C 'synthet':36C 'tab':59C 'tear':73C 'trouser':22C 'use':68C 'visibl':71C 'waist':30C 'wear':77C 'zip':48C 'zipper':53C",null,false,188674836011,181137,null,null,null,null,USED_EXCELLENT,null,null,null,null,null,1,false,2026-06-16 22:37:36.418+00,false,null,null,null,false,null,null,{},null,0,0,0,null,null,[],null,null,fixed_price,null,null,null,null,null,null,off,{},null,false,null,null,null,null,c55c2414-7e0b-4431-944e-c0a16887bf31,false,164590911012,null,failed,0,2026-06-16 22:37:37.029+00,null,A,null,null,null,gradethread
14c9a99a-63f6-4d82-a174-8cb4f32977d5,527cdd29-0420-4943-b4c9-103ab4832766,ebay,327216974447,https://www.ebay.com/itm/327216974447,63.5,2026-06-16 21:04:50.184+00,true,null,2026-06-16 21:04:44.245626+00,2026-06-19 05:17:12.466898+00,Patagonia R1 Fleece Pullover 1/4 Zip Sweater - Men's Small - Blue,"Patagonia R1 Fleece Pullover 1/4-Zip in a steel blue wavy-pattern fleece — a classic technical midlayer built for active outdoor use. Brand: Patagonia | Size: Small (Men's) | Color: Blue | Material: Textured Polartec fleece with contrast gray trim and bright yellow/lime zip accents. Features a chest zip pocket with Patagonia logo patch, a second interior zip pocket, and flatlock seams. Made in Sri Lanka.

Condition: Good used condition. No visible stains, holes, or significant wear noted. A solid, functional piece ready for layering.",active,0,0,"'1/4':5A '1/4-zip':16C 'accent':54C 'activ':31C 'blue':11A,20C,41C 'brand':34C 'bright':51C 'built':29C 'chest':57C 'classic':26C 'color':40C 'condit':76C,79C 'contrast':47C 'featur':55C 'flatlock':70C 'fleec':3A,14C,24C,45C 'function':90C 'good':77C 'gray':48C 'hole':83C 'interior':66C 'lanka':75C 'layer':94C 'logo':62C 'made':72C 'materi':42C 'men':8A,38C 'midlay':28C 'note':87C 'outdoor':32C 'patagonia':1A,12C,35C,61C 'patch':63C 'pattern':23C 'piec':91C 'pocket':59C,68C 'polartec':44C 'pullov':4A,15C 'r1':2A,13C 'readi':92C 'seam':71C 'second':65C 'signific':85C 'size':36C 'small':10A,37C 'solid':89C 'sri':74C 'stain':82C 'steel':19C 'sweater':7A 'technic':27C 'textur':43C 'trim':49C 'use':33C,78C 'visibl':81C 'wavi':22C 'wavy-pattern':21C 'wear':86C 'yellow/lime':52C 'zip':6A,53C,58C,67C",null,false,188640952011,11484,null,null,null,null,USED_EXCELLENT,null,null,null,null,null,1,false,2026-06-16 21:04:50.184+00,false,null,null,null,false,null,null,{},null,0,0,0,null,null,[],null,null,fixed_price,null,null,null,null,null,null,off,{},null,false,null,null,null,null,c55c2414-7e0b-4431-944e-c0a16887bf31,false,164590911012,null,failed,0,2026-06-16 21:04:50.887+00,null,A,null,null,null,gradethread
668bf315-be7f-47dc-86d8-79523b49e42f,9b09a28e-54af-47fa-b76f-ac383998175e,ebay,327216971488,https://www.ebay.com/itm/327216971488,114.5,2026-06-16 20:58:26.673+00,true,null,2026-06-16 20:58:20.314441+00,2026-06-19 05:17:12.466898+00,Paul Green Super Soft Suede Lace-Up Boat Shoe Loafer — Size 5.5,"Paul Green Super Soft suede lace-up boat shoe loafer in tan, size 5.5. Features moc-toe construction, tonal laces with silver eyelets, and Paul Green's signature cushioned insole. Upper is genuine suede with moccasin-style stitching and a low, flat rubber outsole. Pre-owned condition: suede upper shows visible scuffing and soiling, especially on the toe box and sides; soles display light wear. A great everyday casual shoe with some life left — suede cleaner/brush recommended to refresh the upper.",active,0,0,"'5.5':13A,28C 'boat':9A,22C 'box':76C 'casual':86C 'cleaner/brush':93C 'condit':64C 'construct':33C 'cushion':44C 'display':80C 'especi':72C 'everyday':85C 'eyelet':38C 'featur':29C 'flat':58C 'genuin':48C 'great':84C 'green':2A,15C,41C 'insol':45C 'lace':7A,20C,35C 'lace-up':6A,19C 'left':91C 'life':90C 'light':81C 'loafer':11A,24C 'low':57C 'moc':31C 'moc-to':30C 'moccasin':52C 'moccasin-styl':51C 'outsol':60C 'own':63C 'paul':1A,14C,40C 'pre':62C 'pre-own':61C 'recommend':94C 'refresh':96C 'rubber':59C 'scuf':69C 'shoe':10A,23C,87C 'show':67C 'side':78C 'signatur':43C 'silver':37C 'size':12A,27C 'soft':4A,17C 'soil':71C 'sole':79C 'stitch':54C 'style':53C 'sued':5A,18C,49C,65C,92C 'super':3A,16C 'tan':26C 'toe':32C,75C 'tonal':34C 'upper':46C,66C,98C 'visibl':68C 'wear':82C",null,false,188638574011,45333,null,null,null,null,USED_EXCELLENT,null,null,null,null,null,1,false,2026-06-16 20:58:26.673+00,false,null,null,null,false,null,null,{},null,0,0,0,null,null,[],null,null,fixed_price,null,null,null,null,null,null,off,{},null,false,null,null,null,null,c55c2414-7e0b-4431-944e-c0a16887bf31,false,164590911012,null,failed,0,2026-06-16 20:58:27.292+00,null,A,null,null,null,gradethread
8c4ee12c-4f4b-4aff-9252-7f01be067594,aa9dbfaf-acdc-4870-88c0-91c34711623d,ebay,327216891359,https://www.ebay.com/itm/327216891359,55,2026-06-16 19:56:23.121+00,true,null,2026-06-16 19:56:16.611434+00,2026-06-19 05:17:12.466898+00,Theory Linen Blend V-Neck Half-Button Blouse – Petite P,"Theory linen-blend half-button blouse in a warm oatmeal/natural tone — a versatile wardrobe staple from a premium contemporary brand.

• Brand: Theory
• Size: Petite P
• Color: Oatmeal / Natural
• Material: 66% Linen, 32% Viscose, 2% Elastane
• Neckline: V-neck with partial button placket
• Sleeves: Long sleeve with button cuffs
• Features: Dual chest patch pockets, curved hem, roll-tab sleeve option
• Made in China

Condition: Good pre-owned condition. Light wrinkling from storage; no visible stains, holes, or notable wear observed.",active,0,0,"'2':48C '32':46C '66':44C 'blend':3A,16C 'blous':10A,20C 'brand':34C,35C 'button':9A,19C,56C,62C 'chest':66C 'china':78C 'color':40C 'condit':79C,84C 'contemporari':33C 'cuff':63C 'curv':69C 'dual':65C 'elastan':49C 'featur':64C 'good':80C 'half':8A,18C 'half-button':7A,17C 'hem':70C 'hole':92C 'light':85C 'linen':2A,15C,45C 'linen-blend':14C 'long':59C 'made':76C 'materi':43C 'natur':42C 'neck':6A,53C 'necklin':50C 'notabl':94C 'oatmeal':41C 'oatmeal/natural':24C 'observ':96C 'option':75C 'own':83C 'p':12A,39C 'partial':55C 'patch':67C 'petit':11A,38C 'placket':57C 'pocket':68C 'pre':82C 'pre-own':81C 'premium':32C 'roll':72C 'roll-tab':71C 'size':37C 'sleev':58C,60C,74C 'stain':91C 'stapl':29C 'storag':88C 'tab':73C 'theori':1A,13C,36C 'tone':25C 'v':5A,52C 'v-neck':4A,51C 'versatil':27C 'viscos':47C 'visibl':90C 'wardrob':28C 'warm':23C 'wear':95C 'wrinkl':86C",null,false,188605045011,53159,null,null,null,null,USED_EXCELLENT,null,null,null,null,null,1,false,2026-06-16 19:56:23.121+00,false,null,null,null,false,null,null,{},null,0,0,0,null,null,[],null,null,fixed_price,null,null,null,null,null,null,off,{},null,false,null,null,null,null,c55c2414-7e0b-4431-944e-c0a16887bf31,false,164590911012,null,failed,0,2026-06-16 19:56:25.559+00,null,A,null,null,null,gradethread
e2d73cda-7c18-4f8d-9a09-0cc5ce28db17,62c0018a-7c1f-4b3c-8dc6-c6a3ce529746,ebay,327211250993,https://www.ebay.com/itm/327211250993,47.99,2026-06-13 12:14:36.137+00,false,null,2026-06-13 12:14:36.163101+00,2026-06-19 05:17:12.466898+00,ME+EM White Tonal Stripe Pintuck Long-Sleeve Shirt — UK 8 / US S / EU 36,"Classic ME+EM long-sleeve button-up shirt in crisp white with a subtle tonal stripe and elegant pintuck detail at the front. Features a spread collar, double/French cuffs, and a curved hem. Made in Turkey; care label advises gentle machine wash or dry clean.

• Brand: ME+EM
• Size: UK 8 / US S / EU 36
• Color: White
• Style: Tonal stripe, pintuck front, double cuffs
• Measured flat: ~20"" chest (pit-to-pit), ~27"" length

Condition: Good pre-owned condition. No visible stains or damage; light storage creasing only.",ended,0,0,"'20':85C '27':91C '36':16A,73C '8':12A,69C 'advis':57C 'brand':64C 'button':24C 'button-up':23C 'care':55C 'chest':86C 'classic':17C 'clean':63C 'collar':45C 'color':74C 'condit':93C,98C 'creas':106C 'crisp':28C 'cuff':47C,82C 'curv':50C 'damag':103C 'detail':38C 'doubl':81C 'double/french':46C 'dri':62C 'eleg':36C 'em':2A,19C,66C 'eu':15A,72C 'featur':42C 'flat':84C 'front':41C,80C 'gentl':58C 'good':94C 'hem':51C 'label':56C 'length':92C 'light':104C 'long':8A,21C 'long-sleev':7A,20C 'machin':59C 'made':52C 'measur':83C 'own':97C 'pintuck':6A,37C,79C 'pit':88C,90C 'pit-to-pit':87C 'pre':96C 'pre-own':95C 'shirt':10A,26C 'size':67C 'sleev':9A,22C 'spread':44C 'stain':101C 'storag':105C 'stripe':5A,34C,78C 'style':76C 'subtl':32C 'tonal':4A,33C,77C 'turkey':54C 'uk':11A,68C 'us':13A,70C 'visibl':100C 'wash':60C 'white':3A,29C,75C",null,false,186579000011,53159,null,null,null,null,null,null,null,null,null,null,1,false,2026-06-13 12:14:36.137+00,false,null,null,null,false,null,null,{},null,0,0,0,null,null,[],null,null,fixed_price,null,null,null,null,null,null,off,{},null,false,null,null,null,null,c55c2414-7e0b-4431-944e-c0a16887bf31,false,null,null,null,0,null,null,A,null,null,null,gradethread
41ef563d-6671-4310-9dee-71b7f0ee46ab,62c0018a-7c1f-4b3c-8dc6-c6a3ce529746,ebay,null,null,47.99,2026-06-13 12:14:27.664788+00,true,null,2026-06-13 12:14:27.664788+00,2026-06-18 14:35:27.262762+00,ME+EM White Tonal Stripe Pintuck Long-Sleeve Shirt — UK 8 / US S / EU 36,"Classic ME+EM long-sleeve button-up shirt in crisp white with a subtle tonal stripe and elegant pintuck detail at the front. Features a spread collar, double/French cuffs, and a curved hem. Made in Turkey; care label advises gentle machine wash or dry clean.

• Brand: ME+EM
• Size: UK 8 / US S / EU 36
• Color: White
• Style: Tonal stripe, pintuck front, double cuffs
• Measured flat: ~19"" chest (pit-to-pit), ~27"" length

Condition: Good pre-owned condition. No visible stains or damage; light storage creasing only.",draft,0,0,"'19':85C '27':91C '36':16A,73C '8':12A,69C 'advis':57C 'brand':64C 'button':24C 'button-up':23C 'care':55C 'chest':86C 'classic':17C 'clean':63C 'collar':45C 'color':74C 'condit':93C,98C 'creas':106C 'crisp':28C 'cuff':47C,82C 'curv':50C 'damag':103C 'detail':38C 'doubl':81C 'double/french':46C 'dri':62C 'eleg':36C 'em':2A,19C,66C 'eu':15A,72C 'featur':42C 'flat':84C 'front':41C,80C 'gentl':58C 'good':94C 'hem':51C 'label':56C 'length':92C 'light':104C 'long':8A,21C 'long-sleev':7A,20C 'machin':59C 'made':52C 'measur':83C 'own':97C 'pintuck':6A,37C,79C 'pit':88C,90C 'pit-to-pit':87C 'pre':96C 'pre-own':95C 'shirt':10A,26C 'size':67C 'sleev':9A,22C 'spread':44C 'stain':101C 'storag':105C 'stripe':5A,34C,78C 'style':76C 'subtl':32C 'tonal':4A,33C,77C 'turkey':54C 'uk':11A,68C 'us':13A,70C 'visibl':100C 'wash':60C 'white':3A,29C,75C",null,false,null,null,null,null,null,null,USED_EXCELLENT,null,null,null,null,null,1,false,null,false,null,null,null,false,null,null,{},null,0,0,0,null,null,[],null,null,fixed_price,null,null,null,null,null,null,off,{},null,false,null,null,null,null,c55c2414-7e0b-4431-944e-c0a16887bf31,false,null,null,null,0,null,null,A,null,null,null,gradethread
ea9c1fb7-8e41-43a7-862f-7c57b63b79e7,a478a7b2-bd0d-43db-b9ed-37f59eaa17c1,ebay,327205543400,https://www.ebay.com/itm/327205543400,35.84,2026-06-10 03:40:37.303012+00,false,null,2026-06-10 03:40:37.303012+00,2026-06-19 05:17:12.466898+00,Peter Millar Crown Crafted Merino Wool Quarter-Zip Pullover – Blue – Size M,"Peter Millar Peter Millar Crown Crafted Merino Wool Quarter-Zip Pullover – Blue – Size M

Size: M
Color: —
Material: —

Condition: Pre-owned, good condition

  chest: 20
  length: 26
  sleeve: 25
  shoulder: 18

Smoke-free home. Ships fast. Questions welcome.",ended,0,0,"'18':46C '20':40C '25':44C '26':42C 'blue':11A,26C 'chest':39C 'color':31C 'condit':33C,38C 'craft':4A,19C 'crown':3A,18C 'fast':52C 'free':49C 'good':37C 'home':50C 'length':41C 'm':13A,28C,30C 'materi':32C 'merino':5A,20C 'millar':2A,15C,17C 'own':36C 'peter':1A,14C,16C 'pre':35C 'pre-own':34C 'pullov':10A,25C 'quarter':8A,23C 'quarter-zip':7A,22C 'question':53C 'ship':51C 'shoulder':45C 'size':12A,27C,29C 'sleev':43C 'smoke':48C 'smoke-fre':47C 'welcom':54C 'wool':6A,21C 'zip':9A,24C",5c89c68b-c6b3-4245-b770-a5dc2c4730f5,false,184346223011,181138,null,null,null,null,USED_EXCELLENT,"Peter Millar Crown Crafted Quarter-Zip Long-Sleeve Pullover in a versatile light blue. Made from a premium 90% Merino Wool / 8% Nylon / 2% Spandex blend for natural warmth and stretch. Size M, made in Vietnam.

Key details:
• Quarter-zip with branded silver-tone pull
• Ribbed cuffs and collar
• Clean, smooth fabric — no stains, holes, or pilling observed
• Zipper hardware shows minor tarnishing consistent with normal use

Overall in good pre-owned condition and ready to wear.",null,null,null,null,1,false,null,false,null,null,null,false,null,null,{},null,0,0,0,null,null,[],null,null,fixed_price,null,null,null,null,null,null,off,{},null,false,null,null,null,null,c55c2414-7e0b-4431-944e-c0a16887bf31,false,null,null,null,0,null,null,A,null,null,null,ebay
fab55af9-d5d1-4f12-85c6-ba74a178f760,a478a7b2-bd0d-43db-b9ed-37f59eaa17c1,ebay,327205543400,https://www.ebay.com/itm/327205543400,35.84,2026-06-10 03:37:59.004+00,true,null,2026-06-10 03:37:46.1511+00,2026-06-18 14:35:27.262762+00,Peter Millar Crown Crafted Merino Wool Quarter-Zip Pullover – Blue – Size M,"Peter Millar Peter Millar Crown Crafted Merino Wool Quarter-Zip Pullover – Blue – Size M

Size: M
Color: —
Material: —

Condition: Pre-owned, good condition

  chest: 20
  length: 26
  sleeve: 25
  shoulder: 18

Smoke-free home. Ships fast. Questions welcome.",active,0,0,"'18':46C '20':40C '25':44C '26':42C 'blue':11A,26C 'chest':39C 'color':31C 'condit':33C,38C 'craft':4A,19C 'crown':3A,18C 'fast':52C 'free':49C 'good':37C 'home':50C 'length':41C 'm':13A,28C,30C 'materi':32C 'merino':5A,20C 'millar':2A,15C,17C 'own':36C 'peter':1A,14C,16C 'pre':35C 'pre-own':34C 'pullov':10A,25C 'quarter':8A,23C 'quarter-zip':7A,22C 'question':53C 'ship':51C 'shoulder':45C 'size':12A,27C,29C 'sleev':43C 'smoke':48C 'smoke-fre':47C 'welcom':54C 'wool':6A,21C 'zip':9A,24C",5c89c68b-c6b3-4245-b770-a5dc2c4730f5,false,184346223011,181138,null,null,null,null,USED_EXCELLENT,"Peter Millar Crown Crafted Quarter-Zip Long-Sleeve Pullover in a versatile light blue. Made from a premium 90% Merino Wool / 8% Nylon / 2% Spandex blend for natural warmth and stretch. Size M, made in Vietnam.

Key details:
• Quarter-zip with branded silver-tone pull
• Ribbed cuffs and collar
• Clean, smooth fabric — no stains, holes, or pilling observed
• Zipper hardware shows minor tarnishing consistent with normal use

Overall in good pre-owned condition and ready to wear.",null,null,null,null,1,false,2026-06-10 03:37:59.004+00,false,null,null,null,false,null,null,{},null,0,0,0,null,null,[],null,null,fixed_price,null,null,null,null,null,null,off,{},null,false,null,null,null,null,c55c2414-7e0b-4431-944e-c0a16887bf31,false,null,null,null,0,null,null,A,null,null,null,gradethread
07a77013-a6a1-4439-8b5a-4a219c9a4113,a478a7b2-bd0d-43db-b9ed-37f59eaa17c1,ebay,327205543400,https://www.ebay.com/itm/327205543400,35.84,2026-06-10 02:46:39.761+00,true,null,2026-06-10 02:05:03.715143+00,2026-06-18 14:35:27.262762+00,Peter Millar Crown Crafted Merino Wool Quarter-Zip Pullover – Blue – Size M,"Peter Millar Crown Crafted Quarter-Zip Long-Sleeve Pullover in a versatile light blue. Made from a premium 90% Merino Wool / 8% Nylon / 2% Spandex blend for natural warmth and stretch. Size M, made in Vietnam.

Key details:
• Quarter-zip with branded silver-tone pull
• Ribbed cuffs and collar
• Clean, smooth fabric — no stains, holes, or pilling observed
• Zipper hardware shows minor tarnishing consistent with normal use

Overall in good pre-owned condition and ready to wear.",active,0,0,"'2':39C '8':37C '90':34C 'blend':41C 'blue':11A,29C 'brand':58C 'clean':67C 'collar':66C 'condit':91C 'consist':81C 'craft':4A,17C 'crown':3A,16C 'cuff':64C 'detail':53C 'fabric':69C 'good':87C 'hardwar':77C 'hole':72C 'key':52C 'light':28C 'long':22C 'long-sleev':21C 'm':13A,48C 'made':30C,49C 'merino':5A,35C 'millar':2A,15C 'minor':79C 'natur':43C 'normal':83C 'nylon':38C 'observ':75C 'overal':85C 'own':90C 'peter':1A,14C 'pill':74C 'pre':89C 'pre-own':88C 'premium':33C 'pull':62C 'pullov':10A,24C 'quarter':8A,19C,55C 'quarter-zip':7A,18C,54C 'readi':93C 'rib':63C 'show':78C 'silver':60C 'silver-ton':59C 'size':12A,47C 'sleev':23C 'smooth':68C 'spandex':40C 'stain':71C 'stretch':46C 'tarnish':80C 'tone':61C 'use':84C 'versatil':27C 'vietnam':51C 'warmth':44C 'wear':95C 'wool':6A,36C 'zip':9A,20C,56C 'zipper':76C",null,false,184346223011,181138,null,null,null,null,USED_EXCELLENT,null,null,null,null,null,1,false,2026-06-10 02:46:39.761+00,false,null,null,null,false,null,null,{},null,0,0,0,null,null,[],null,null,fixed_price,null,null,null,null,null,null,off,{},null,false,null,null,null,null,c55c2414-7e0b-4431-944e-c0a16887bf31,false,null,null,null,0,null,null,A,null,null,null,gradethread
5e152207-e88f-4d94-bfc0-89bf97c5416c,ddc3b609-22d2-486e-bb60-52e5324a4a70,ebay,327205292445,https://www.ebay.com/itm/327205292445,32.5,2026-06-09 23:43:48.283+00,false,null,2026-06-09 23:42:59.795094+00,2026-06-19 05:17:12.466898+00,BLDWN Navy Button-Down Long Sleeve Shirt,BLDWN Navy Button-Down Long Sleeve Shirt,ended,0,0,"'bldwn':1A,9C 'button':4A,12C 'button-down':3A,11C 'long':6A,14C 'navi':2A,10C 'shirt':8A,16C 'sleev':7A,15C",8e4889de-34a7-4b90-a2c7-314024743483,false,184269723011,57990,null,null,null,null,USED_EXCELLENT,null,null,null,null,null,1,false,2026-06-09 23:43:48.283+00,false,null,null,null,false,null,null,{},null,0,0,0,null,null,[],null,null,fixed_price,null,null,null,null,null,null,off,{},null,false,null,null,null,null,c55c2414-7e0b-4431-944e-c0a16887bf31,false,null,null,null,0,null,null,A,null,null,null,gradethread
845adf61-7536-45fb-8049-a4068fd7af81,16f067db-e2bf-4092-9650-203a1e0d527f,ebay,327206225490,https://www.ebay.com/itm/327206225490,67.5,2026-06-10 12:50:58.044+00,false,null,2026-06-08 21:49:13.08333+00,2026-06-19 05:17:12.466898+00,Acegolfs White Golf Pants – XL,Acegolfs White Golf Pants – XL,ended,0,0,"'acegolf':1A,6C 'golf':3A,8C 'pant':4A,9C 'white':2A,7C 'xl':5A,10C",d71ab300-dd99-4bd2-b785-b4a292fe3bb5,false,184642780011,181137,null,null,null,null,NEW,null,"{""Size"":[""XL""],""Type"":[""Pants""],""Brand"":[""Acegolfs""],""Color"":[""White""],""Style"":[""Golf Pants""],""Pattern"":[""Solid""],""Vintage"":[""No""],""Features"":[""Moisture Wicking""],""Handmade"":[""No""],""Material"":[""Synthetic / Performance fabric (moisture-wicking)""],""Occasion"":[""Activewear""],""Size Type"":[""Regular""],""Department"":[""Men""],""Fabric Type"":[""Performance Synthetic""],""Personalize"":[""No""],""Performance/Activity"":[""Golf""]}",null,null,null,1,false,2026-06-10 12:50:58.044+00,false,null,null,null,false,null,null,{},null,0,0,0,null,null,[],null,null,fixed_price,null,null,null,null,null,null,off,{},null,false,null,null,null,null,c55c2414-7e0b-4431-944e-c0a16887bf31,false,null,null,null,0,null,null,A,null,null,null,gradethread
57f41fdd-3808-42f0-bc90-e5f85ae6fcff,367de6c7-08a6-429b-be07-e93f850c78d1,ebay,327037161028,https://www.ebay.com/itm/327037161028,22,2026-06-08 14:28:27.98265+00,false,null,2026-06-08 14:28:27.98265+00,2026-06-18 14:35:27.262762+00,null,null,sold,0,0,,null,false,null,null,null,null,null,null,null,null,null,null,null,null,1,false,null,false,null,null,null,false,null,null,{},null,0,0,0,null,null,[],null,null,fixed_price,null,null,null,null,null,null,off,{},null,false,null,null,null,null,c55c2414-7e0b-4431-944e-c0a16887bf31,false,null,null,null,0,null,null,A,null,null,null,ebay
bb0dc7bf-beb1-472b-83b4-aefa9db9ff88,6fea2cf4-7694-4001-825c-f5d8238e7aeb,ebay,327080340446,https://www.ebay.com/itm/327080340446,38.99,2026-06-08 14:28:14.085784+00,false,null,2026-06-08 14:28:14.085784+00,2026-06-18 14:35:27.262762+00,null,null,sold,0,0,,null,false,null,null,null,null,null,null,null,null,null,null,null,null,1,false,null,false,null,null,null,false,null,null,{},null,0,0,0,null,null,[],null,null,fixed_price,null,null,null,null,null,null,off,{},null,false,null,null,null,null,c55c2414-7e0b-4431-944e-c0a16887bf31,false,null,null,null,0,null,null,A,null,null,null,ebay
0ac06911-77e7-4a44-9dc8-4224ac13d03c,b346dc4c-ea67-4a08-9272-8c4ea66ca7c7,ebay,327080341421,https://www.ebay.com/itm/327080341421,25,2026-06-08 14:28:02.527534+00,false,null,2026-06-08 14:28:02.527534+00,2026-06-18 14:35:27.262762+00,null,null,sold,0,0,,null,false,null,null,null,null,null,null,null,null,null,null,null,null,1,false,null,false,null,null,null,false,null,null,{},null,0,0,0,null,null,[],null,null,fixed_price,null,null,null,null,null,null,off,{},null,false,null,null,null,null,c55c2414-7e0b-4431-944e-c0a16887bf31,false,null,null,null,0,null,null,A,null,null,null,ebay
c70b0586-5338-47d8-be30-b1cffa31e111,e728dc58-833c-4370-aea6-16c09b7ee320,ebay,327080337971,https://www.ebay.com/itm/327080337971,30,2026-06-08 14:27:53.704854+00,false,null,2026-06-08 14:27:53.704854+00,2026-06-18 14:35:27.262762+00,null,null,sold,0,0,,null,false,null,null,null,null,null,null,null,null,null,null,null,null,1,false,null,false,null,null,null,false,null,null,{},null,0,0,0,null,null,[],null,null,fixed_price,null,null,null,null,null,null,off,{},null,false,null,null,null,null,c55c2414-7e0b-4431-944e-c0a16887bf31,false,null,null,null,0,null,null,A,null,null,null,ebay
9d31fe97-2745-4e8b-9e97-d4fd74f04785,d6fca9f6-75d5-42e6-b7fd-c54413735fe5,ebay,327199829442,https://www.ebay.com/itm/327199829442,30,2026-06-08 14:27:23.481316+00,false,null,2026-06-08 14:27:23.481316+00,2026-06-18 14:35:27.262762+00,null,null,sold,0,0,,null,false,null,null,null,null,null,null,null,null,null,null,null,null,1,false,null,false,null,null,null,false,null,null,{},null,0,0,0,null,null,[],null,null,fixed_price,null,null,null,null,null,null,off,{},null,false,null,null,null,null,c55c2414-7e0b-4431-944e-c0a16887bf31,false,null,null,null,0,null,null,A,null,null,null,ebay
c81188ad-39c0-441f-b27f-7cee1cb10937,4385abd5-89ba-4729-984d-66ff077c59b7,ebay,327199850404,https://www.ebay.com/itm/Lululemon-Men-s-L-Frontier-Tan-Grey-On-The-Fly-Wide-Leg-Pant-Stretch-Active-Gym-/327199850404,52.5,2026-06-06 23:00:29+00,true,null,2026-06-08 13:22:01.56066+00,2026-06-19 05:17:12.466898+00,Lululemon Men's L Frontier Tan/Grey On The Fly Wide Leg Pant Stretch Active Gym,null,active,0,0,'activ':14A 'fli':9A 'frontier':5A 'gym':15A 'l':4A 'leg':11A 'lululemon':1A 'men':2A 'pant':12A 'stretch':13A 'tan/grey':6A 'wide':10A,null,false,null,null,null,null,null,null,null,null,null,null,null,null,1,false,null,false,null,null,null,false,null,null,{},null,0,0,0,null,null,[],null,null,fixed_price,null,null,null,null,null,null,off,{},null,false,null,null,null,null,c55c2414-7e0b-4431-944e-c0a16887bf31,false,null,null,null,0,null,null,A,null,null,null,ebay
8ef44946-0240-40f4-86b6-7065d5004a11,2d3faee4-b8d7-4ffb-bcfa-72a7fa6fe90f,ebay,327199887626,https://www.ebay.com/itm/Greyson-Golf-Jacket-Sequoia-Luxe-XL-Navy-Gray-Polyester-/327199887626,59,2026-06-06 23:46:38+00,true,null,2026-06-08 03:29:38.909874+00,2026-06-19 05:17:12.466898+00,Greyson Golf Jacket Sequoia Luxe XL Navy Gray Polyester,null,active,0,0,'golf':2A 'gray':8A 'greyson':1A 'jacket':3A 'lux':5A 'navi':7A 'polyest':9A 'sequoia':4A 'xl':6A,null,false,null,null,null,null,null,null,null,null,null,null,null,null,1,false,null,false,null,null,null,false,null,null,{},null,0,0,0,null,null,[],null,null,fixed_price,null,null,null,null,null,null,off,{},null,false,null,null,null,null,c55c2414-7e0b-4431-944e-c0a16887bf31,false,null,null,null,0,null,null,A,null,null,null,ebay
8f55cd6a-87a1-4d2d-9691-3064cf9632b4,6cf4888b-64fe-4401-a810-defb12a4af93,ebay,327199843751,https://www.ebay.com/itm/Lululemon-Women-s-8-Black-Trousers-On-The-Fly-Wide-Leg-Pant-Stretch-Active-Gym-/327199843751,52.5,2026-06-06 22:53:07+00,true,null,2026-06-08 03:29:37.091403+00,2026-06-19 05:17:12.466898+00,Lululemon Women's 8 Black Trousers On The Fly Wide Leg Pant Stretch Active Gym,null,active,0,0,'8':4A 'activ':14A 'black':5A 'fli':9A 'gym':15A 'leg':11A 'lululemon':1A 'pant':12A 'stretch':13A 'trouser':6A 'wide':10A 'women':2A,null,false,null,null,null,null,null,null,null,null,null,null,null,null,1,false,null,false,null,null,null,false,null,null,{},null,0,0,0,null,null,[],null,null,fixed_price,null,null,null,null,null,null,off,{},null,false,null,null,null,null,c55c2414-7e0b-4431-944e-c0a16887bf31,false,null,null,null,0,null,null,A,null,null,null,ebay
0a2a5b2e-2172-4ebf-a9c9-bd5718d9572f,751e8ab2-968e-44d6-8933-05bcf5914c5f,ebay,327199832775,https://www.ebay.com/itm/Free-Fly-Men-s-Nomad-Performance-Pants-Sz-36x32-Gray-Khaki-Chino-/327199832775,28.5,2026-06-06 22:44:48+00,true,null,2026-06-08 03:29:35.677862+00,2026-06-19 05:17:12.466898+00,Free Fly Men's Nomad Performance Pants Sz 36x32 Gray/Khaki Chino,null,active,0,0,'36x32':9A 'chino':11A 'fli':2A 'free':1A 'gray/khaki':10A 'men':3A 'nomad':5A 'pant':7A 'perform':6A 'sz':8A,null,false,null,null,null,null,null,null,null,null,null,null,null,null,1,false,null,false,null,null,null,false,null,null,{},null,0,0,0,null,null,[],null,null,fixed_price,null,null,null,null,null,null,off,{},null,false,null,null,null,null,c55c2414-7e0b-4431-944e-c0a16887bf31,false,null,null,null,0,null,null,A,null,null,null,ebay
94158771-f59a-43fd-9241-f7bef5b24920,b60cbba8-7942-4c0b-b9fe-9adad5b6a003,ebay,327199828005,https://www.ebay.com/itm/VTG-Escada-Ruffle-Front-Button-Blouse-Jacket-Size-46-US-M-L-Black-Wool-Pockets-/327199828005,53.5,2026-06-06 22:35:11+00,true,null,2026-06-08 03:29:34.481002+00,2026-06-19 05:17:12.466898+00,VTG Escada Ruffle Front Button Blouse/Jacket Size 46 US M/L Black Wool Pockets,null,active,0,0,'46':8A 'black':11A 'blouse/jacket':6A 'button':5A 'escada':2A 'front':4A 'm/l':10A 'pocket':13A 'ruffl':3A 'size':7A 'us':9A 'vtg':1A 'wool':12A,null,false,null,null,null,null,null,null,null,null,null,null,null,null,1,false,null,false,null,null,null,false,null,null,{},null,0,0,0,null,null,[],null,null,fixed_price,null,null,null,null,null,null,off,{},null,false,null,null,null,null,c55c2414-7e0b-4431-944e-c0a16887bf31,false,null,null,null,0,null,null,A,null,null,null,ebay
6ae09d3c-2465-492d-b790-6bad873aa40c,11a5bf52-c25c-4021-b7a9-810bcfbb4948,ebay,327199816916,https://www.ebay.com/itm/Laude-the-Label-Woman-s-Brown-Cream-Button-Up-Shirt-SZ-XS-S-/327199816916,102.5,2026-06-06 22:25:28+00,true,null,2026-06-08 03:29:33.613023+00,2026-06-19 05:17:12.466898+00,Laude the Label Woman's Brown Cream Button Up Shirt SZ XS/S,null,active,0,0,'brown':6A 'button':8A 'cream':7A 'label':3A 'laud':1A 'shirt':10A 'sz':11A 'woman':4A 'xs/s':12A,null,false,null,null,null,null,null,null,null,null,null,null,null,null,1,false,null,false,null,null,null,false,null,null,{},null,0,0,0,null,null,[],null,null,fixed_price,null,null,null,null,null,null,off,{},null,false,null,null,null,null,c55c2414-7e0b-4431-944e-c0a16887bf31,false,null,null,null,0,null,null,A,null,null,null,ebay
9a45f2e7-7c1e-4853-8a39-d0f3a830bbbb,6823f84a-ad0f-4793-9913-18d0ea8622fd,ebay,327199813527,https://www.ebay.com/itm/Rhoback-Pants-Men-S-Navy-Blue-Sprint-Performance-Joggers-Golf-Athletic-Training-/327199813527,54.5,2026-06-06 22:23:18+00,true,null,2026-06-08 03:29:32.721344+00,2026-06-19 05:17:12.466898+00,Rhoback Pants Men S Navy Blue Sprint Performance Joggers Golf Athletic Training,null,active,0,0,'athlet':11A 'blue':6A 'golf':10A 'jogger':9A 'men':3A 'navi':5A 'pant':2A 'perform':8A 'rhoback':1A 'sprint':7A 'train':12A,null,false,null,null,null,null,null,null,null,null,null,null,null,null,1,false,null,false,null,null,null,false,null,null,{},null,0,0,0,null,null,[],null,null,fixed_price,null,null,null,null,null,null,off,{},null,false,null,null,null,null,c55c2414-7e0b-4431-944e-c0a16887bf31,false,null,null,null,0,null,null,A,null,null,null,ebay
2cbb7637-9dd9-4350-b3ef-2ab9ca195246,3f512758-2055-464f-b082-95df824b9bd7,ebay,326954974322,https://www.ebay.com/itm/Clara-Sun-Woo-Womens-Size-Small-Mock-Neck-Cold-Shoulder-Asymmetrical-Tunic-/326954974322,28,2026-01-14 04:15:17+00,true,null,2026-06-08 03:25:37.102094+00,2026-06-19 05:17:12.466898+00,Clara Sun Woo Womens Size Small Mock Neck Cold Shoulder Asymmetrical Tunic,null,active,0,0,'asymmetr':11A 'clara':1A 'cold':9A 'mock':7A 'neck':8A 'shoulder':10A 'size':5A 'small':6A 'sun':2A 'tunic':12A 'women':4A 'woo':3A,null,false,null,null,null,null,null,null,null,null,null,null,null,null,1,false,null,false,null,null,null,false,null,null,{},null,0,0,0,null,null,[],null,null,fixed_price,null,null,null,null,null,null,off,{},null,false,null,null,null,null,c55c2414-7e0b-4431-944e-c0a16887bf31,false,null,null,null,0,null,null,A,null,null,null,ebay
f72be01c-bb25-4657-8956-611d4fd9f16a,8dce0259-702f-46f5-90b7-d92a2fd3a0b5,ebay,327155479321,https://www.ebay.com/itm/Ralph-Lauren-Black-Label-Women-s-6-Wool-Dress-Pants-Black-Side-Zip-Flat-Front-/327155479321,38.5,2026-05-13 02:18:04+00,true,null,2026-06-06 23:47:59.803593+00,2026-06-19 05:17:12.466898+00,Ralph Lauren Black Label Women's 6 Wool Dress Pants Black Side Zip Flat Front,null,active,0,0,"'6':7A 'black':3A,11A 'dress':9A 'flat':14A 'front':15A 'label':4A 'lauren':2A 'pant':10A 'ralph':1A 'side':12A 'women':5A 'wool':8A 'zip':13A",null,false,null,null,null,null,null,null,null,null,null,null,null,null,1,false,null,false,null,null,null,false,null,null,{},null,0,0,0,null,null,[],null,null,fixed_price,null,null,null,null,null,null,off,{},null,false,null,null,null,null,c55c2414-7e0b-4431-944e-c0a16887bf31,false,null,null,null,0,null,null,A,null,null,null,ebay
d2340a2e-d898-4494-b836-bb23f4bd5d41,d6d1e095-62dc-4ed4-aa3b-2f5563765607,ebay,327199747347,https://www.ebay.com/itm/Birddogs-Men-s-Lined-Performance-Pants-32x32-Khaki-Golf-/327199747347,36.5,2026-06-06 21:12:49+00,false,null,2026-06-06 21:43:10.607033+00,2026-06-19 05:17:17.204073+00,Birddogs Men's Lined Performance Pants 32x32 Khaki Golf,null,sold,0,0,'32x32':7A 'birddog':1A 'golf':9A 'khaki':8A 'line':4A 'men':2A 'pant':6A 'perform':5A,null,false,null,null,null,null,null,null,null,null,null,null,null,null,1,false,null,false,null,null,null,false,null,null,{},null,0,0,0,null,null,[],null,null,fixed_price,null,null,null,null,null,null,off,{},null,false,null,null,null,null,c55c2414-7e0b-4431-944e-c0a16887bf31,false,null,null,null,0,null,null,A,null,null,null,ebay
491cc44f-d12e-42cd-9a39-1db58c27dd53,93b5b19b-81d0-48a5-96aa-8a17c1ea9e49,ebay,327199725911,https://www.ebay.com/itm/Alo-Yoga-Joggers-Men-s-Size-M-Conquer-Max-Performance-Pants-Black-EUC-/327199725911,68.5,2026-06-06 21:05:57+00,false,null,2026-06-06 21:43:08.849432+00,2026-06-19 05:17:20.605959+00,Alo Yoga Joggers Men's Size M Conquer Max Performance Pants Black EUC,null,sold,0,0,'alo':1A 'black':12A 'conquer':8A 'euc':13A 'jogger':3A 'm':7A 'max':9A 'men':4A 'pant':11A 'perform':10A 'size':6A 'yoga':2A,null,false,null,null,null,null,null,null,null,null,null,null,null,null,1,false,null,false,null,null,null,false,null,null,{},null,0,0,0,null,null,[],null,null,fixed_price,null,null,null,null,null,null,off,{},null,false,null,null,null,null,c55c2414-7e0b-4431-944e-c0a16887bf31,false,null,null,null,0,null,null,A,null,null,null,ebay
00ff279c-5c75-40d8-b4a0-49e23c0feccb,2b434a21-61d5-4cd7-a7cb-7bce3fd34582,ebay,327199721859,https://www.ebay.com/itm/Favorite-Daughter-The-Favorite-Pant-Women-Size-12-Black-Pleated-Front-High-Rise-/327199721859,64.5,2026-06-06 20:57:41+00,true,null,2026-06-06 21:43:07.709377+00,2026-06-19 05:17:12.466898+00,Favorite Daughter The Favorite Pant Women Size 12 Black Pleated Front High Rise,null,active,0,0,"'12':8A 'black':9A 'daughter':2A 'favorit':1A,4A 'front':11A 'high':12A 'pant':5A 'pleat':10A 'rise':13A 'size':7A 'women':6A",null,false,null,null,null,null,null,null,null,null,null,null,null,null,1,false,null,false,null,null,null,false,null,null,{},null,0,0,0,null,null,[],null,null,fixed_price,null,null,null,null,null,null,off,{},null,false,null,null,null,null,c55c2414-7e0b-4431-944e-c0a16887bf31,false,null,null,null,0,null,null,A,null,null,null,ebay
63787474-5e27-48d6-9240-615250a19ef7,d44852b7-73df-4bff-aec1-2022e681a92d,ebay,327199719484,https://www.ebay.com/itm/NWT-Peruvian-Connection-White-Modernist-Bolero-Cardigan-Medium-/327199719484,50,2026-06-06 21:43:06.636841+00,false,null,2026-06-06 21:43:06.636841+00,2026-06-18 14:35:27.262762+00,NWT Peruvian Connection White Modernist Bolero Cardigan Medium,null,sold,0,0,'bolero':6A 'cardigan':7A 'connect':3A 'medium':8A 'modernist':5A 'nwt':1A 'peruvian':2A 'white':4A,null,false,null,null,null,null,null,null,null,null,null,null,null,null,1,false,null,false,null,null,null,false,null,null,{},null,0,0,0,null,null,[],null,null,fixed_price,null,null,null,null,null,null,off,{},null,false,null,null,null,null,c55c2414-7e0b-4431-944e-c0a16887bf31,false,null,null,null,0,null,null,A,null,null,null,ebay
17515955-3deb-4c35-994a-0ec9e0b0f630,7ab0ba2d-4942-49a9-a8b2-8cff35dacae1,ebay,327199707145,https://www.ebay.com/itm/Pomander-Place-Vivianne-Mock-Neck-Knit-Sweater-Dress-White-Knit-Size-XSmall-/327199707145,64.5,2026-06-06 20:44:42+00,true,null,2026-06-06 21:43:05.396041+00,2026-06-19 05:17:12.466898+00,Pomander Place Vivianne Mock Neck Knit Sweater Dress White Knit Size XSmall,null,active,0,0,"'dress':8A 'knit':6A,10A 'mock':4A 'neck':5A 'place':2A 'pomand':1A 'size':11A 'sweater':7A 'viviann':3A 'white':9A 'xsmall':12A",null,false,null,null,null,null,null,null,null,null,null,null,null,null,1,false,null,false,null,null,null,false,null,null,{},null,0,0,0,null,null,[],null,null,fixed_price,null,null,null,null,null,null,off,{},null,false,null,null,null,null,c55c2414-7e0b-4431-944e-c0a16887bf31,false,null,null,null,0,null,null,A,null,null,null,ebay
02225421-c444-4ed2-90aa-fdd8e567d8aa,3cd3e767-820e-4105-9347-ff3b9a89b46e,ebay,327196823233,https://www.ebay.com/itm/L-agence-Women-s-High-Rise-Wide-Leg-Cropped-Navy-Blue-Linen-Pants-29-Transition-/327196823233,55.5,2026-06-05 02:46:24+00,true,null,2026-06-05 03:19:03.856417+00,2026-06-19 05:17:12.466898+00,L'agence Women's High Rise Wide Leg Cropped Navy Blue Linen Pants 29 Transition,null,active,0,0,'29':14A 'agenc':2A 'blue':11A 'crop':9A 'high':5A 'l':1A 'leg':8A 'linen':12A 'navi':10A 'pant':13A 'rise':6A 'transit':15A 'wide':7A 'women':3A,null,false,null,null,null,null,null,null,null,null,null,null,null,null,1,false,null,false,null,null,null,false,null,null,{},null,0,0,0,null,null,[],null,null,fixed_price,null,null,null,null,null,null,off,{},null,false,null,null,null,null,c55c2414-7e0b-4431-944e-c0a16887bf31,false,null,null,null,0,null,null,A,null,null,null,ebay
924cac3d-d34d-4e2b-ae2d-a440304a1ed4,d3b537a8-f2b4-472e-a536-55077c78ab10,ebay,327196799835,https://www.ebay.com/itm/ST-JOHN-Sweater-Womens-Size-S-Wool-Blend-Multicolor-Sleeveless-Knit-Tank-Top-/327196799835,27.99,2026-06-05 02:32:37+00,true,null,2026-06-05 03:19:03.193524+00,2026-06-19 05:17:12.466898+00,ST JOHN Sweater Womens Size S Wool Blend Multicolor Sleeveless Knit Tank Top,null,active,0,0,'blend':8A 'john':2A 'knit':11A 'multicolor':9A 'size':5A 'sleeveless':10A 'st':1A 'sweater':3A 'tank':12A 'top':13A 'women':4A 'wool':7A,null,false,null,null,null,null,null,null,null,null,null,null,null,null,1,false,null,false,null,null,null,false,null,null,{},null,0,0,0,null,null,[],null,null,fixed_price,null,null,null,null,null,null,off,{},null,false,null,null,null,null,c55c2414-7e0b-4431-944e-c0a16887bf31,false,null,null,null,0,null,null,A,null,null,null,ebay
283782bb-6281-4f02-baa0-198c459ebe3c,de764865-1024-4ede-acae-abcba1d5b309,ebay,327196593115,https://www.ebay.com/itm/Bonobos-Straight-Leg-Men-s-Size-36x32-Light-Khaki-Chino-Casual-Pants-100-Cotton-/327196593115,24.5,2026-06-04 23:57:12+00,true,null,2026-06-05 03:19:00.997249+00,2026-06-19 05:17:12.466898+00,Bonobos Straight Leg Men's Size 36x32 Light Khaki Chino Casual Pants 100% Cotton,null,active,0,0,'100':13A '36x32':7A 'bonobo':1A 'casual':11A 'chino':10A 'cotton':14A 'khaki':9A 'leg':3A 'light':8A 'men':4A 'pant':12A 'size':6A 'straight':2A,null,false,null,null,null,null,null,null,null,null,null,null,null,null,1,false,null,false,null,null,null,false,null,null,{},null,0,0,0,null,null,[],null,null,fixed_price,null,null,null,null,null,null,off,{},null,false,null,null,null,null,c55c2414-7e0b-4431-944e-c0a16887bf31,false,null,null,null,0,null,null,A,null,null,null,ebay
86db47ef-1c1e-4e64-9420-ca609a3d208b,4fb6e9f1-4b65-4b8d-96dd-928f379eb639,ebay,327196590349,https://www.ebay.com/itm/Bonobos-Straight-Leg-Men-s-Size-35x32-Light-Green-Chino-Casual-Pants-100-Cotton-/327196590349,24.5,2026-06-04 23:50:48+00,true,null,2026-06-05 03:19:00.154827+00,2026-06-19 05:17:12.466898+00,Bonobos Straight Leg Men's Size 35x32 Light Green Chino Casual Pants 100% Cotton,null,active,0,0,'100':13A '35x32':7A 'bonobo':1A 'casual':11A 'chino':10A 'cotton':14A 'green':9A 'leg':3A 'light':8A 'men':4A 'pant':12A 'size':6A 'straight':2A,null,false,null,null,null,null,null,null,null,null,null,null,null,null,1,false,null,false,null,null,null,false,null,null,{},null,0,0,0,null,null,[],null,null,fixed_price,null,null,null,null,null,null,off,{},null,false,null,null,null,null,c55c2414-7e0b-4431-944e-c0a16887bf31,false,null,null,null,0,null,null,A,null,null,null,ebay
cae789f1-c00c-4a43-8421-870436bc07cb,e8a4e1db-7c57-4e96-8de6-cffad365884a,ebay,327196572278,https://www.ebay.com/itm/BYLT-Premium-Basics-Men-s-Everyday-Pant-2-0-Slim-Fit-Size-33-Gray-/327196572278,31.5,2026-06-04 23:21:23+00,true,null,2026-06-05 03:18:59.851497+00,2026-06-19 05:17:12.466898+00,BYLT Premium Basics Men's Everyday Pant 2.0 Slim Fit Size 33 Gray,null,active,0,0,'2.0':8A '33':12A 'basic':3A 'bylt':1A 'everyday':6A 'fit':10A 'gray':13A 'men':4A 'pant':7A 'premium':2A 'size':11A 'slim':9A,null,false,null,null,null,null,null,null,null,null,null,null,null,null,1,false,null,false,null,null,null,false,null,null,{},null,0,0,0,null,null,[],null,null,fixed_price,null,null,null,null,null,null,off,{},null,false,null,null,null,null,c55c2414-7e0b-4431-944e-c0a16887bf31,false,null,null,null,0,null,null,A,null,null,null,ebay
2b0f2e48-5987-4d2c-8b84-c2fa519c551e,91341141-e36d-4511-a20f-5cedfdee5ca1,ebay,327194842022,https://www.ebay.com/itm/Veronica-Beard-Bea-Short-Sleeve-Ruffle-Gray-100-Pima-Cotton-Top-Size-Small-/327194842022,48.5,2026-06-04 04:14:35+00,true,null,2026-06-05 03:18:57.815024+00,2026-06-19 05:17:12.466898+00,Veronica Beard Bea Short Sleeve Ruffle Gray 100% Pima Cotton Top Size Small,null,active,0,0,'100':8A 'bea':3A 'beard':2A 'cotton':10A 'gray':7A 'pima':9A 'ruffl':6A 'short':4A 'size':12A 'sleev':5A 'small':13A 'top':11A 'veronica':1A,null,false,null,null,null,null,null,null,null,null,null,null,null,null,1,false,null,false,null,null,null,false,null,null,{},null,0,0,0,null,null,[],null,null,fixed_price,null,null,null,null,null,null,off,{},null,false,null,null,null,null,c55c2414-7e0b-4431-944e-c0a16887bf31,false,null,null,null,0,null,null,A,null,null,null,ebay
f4200657-a705-45df-822f-246dc6d28bcc,f82b62a0-07ad-4128-ba87-965ee1221afc,ebay,327140420849,https://www.ebay.com/itm/Haala-Denim-Women-s-Emmy-Skinny-Jeans-Size-31-Made-in-Los-Angeles-/327194822054,115.5,2026-06-04 04:00:44+00,false,null,2026-06-05 03:18:55.994437+00,2026-06-18 14:35:27.262762+00,Haala Denim Women's Emmy Skinny Jeans Size 31 Made in Los Angeles,null,sold,0,0,'31':9A 'angel':13A 'denim':2A 'emmi':5A 'haala':1A 'jean':7A 'los':12A 'made':10A 'size':8A 'skinni':6A 'women':3A,null,false,null,null,null,null,null,null,null,null,null,null,null,null,1,false,null,false,null,null,null,false,null,null,{},null,0,0,0,null,null,[],null,null,fixed_price,null,null,null,null,null,null,off,{},null,false,null,null,null,null,c55c2414-7e0b-4431-944e-c0a16887bf31,false,null,null,null,0,null,null,A,null,null,null,ebay
bff243a1-4f05-4dcd-9869-ce193f44191a,4a01ecbe-12ed-41c2-87c0-da54fd59bc55,ebay,327080341193,https://www.ebay.com/itm/Perch-by-Blu-Pepper-Orange-Plaid-Buffalo-Print-Shacket-Sz-3XL-/327080341193,24.99,2026-04-01 23:28:47+00,true,null,2026-06-05 03:18:34.833979+00,2026-06-19 05:17:12.466898+00,Perch by Blu Pepper Orange Plaid Buffalo Print Shacket Sz 3XL,null,active,0,0,'3xl':11A 'blu':3A 'buffalo':7A 'orang':5A 'pepper':4A 'perch':1A 'plaid':6A 'print':8A 'shacket':9A 'sz':10A,null,false,null,null,null,null,null,null,null,null,null,null,null,null,1,false,null,false,null,null,null,false,null,null,{},null,0,0,0,null,null,[],null,null,fixed_price,null,null,null,null,null,null,off,{},null,false,null,null,null,null,c55c2414-7e0b-4431-944e-c0a16887bf31,false,null,null,null,0,null,null,A,null,null,null,ebay
59d94a1d-9548-46ac-b8a0-245ad3b19601,866e9292-c09d-4164-86a1-176970ad12d7,ebay,327080340842,https://www.ebay.com/itm/Mondo-Exclusive-Men-s-Pattern-Blazer-Jacket-Medium-/327080340842,26,2026-04-01 23:28:30+00,true,null,2026-06-05 03:18:34.07352+00,2026-06-19 05:17:12.466898+00,Mondo Exclusive Men’s Pattern Blazer Jacket Medium,null,active,0,0,'blazer':6A 'exclus':2A 'jacket':7A 'medium':8A 'men':3A 'mondo':1A 'pattern':5A,null,false,null,null,null,null,null,null,null,null,null,null,null,null,1,false,null,false,null,null,null,false,null,null,{},null,0,0,0,null,null,[],null,null,fixed_price,null,null,null,null,null,null,off,{},null,false,null,null,null,null,c55c2414-7e0b-4431-944e-c0a16887bf31,false,null,null,null,0,null,null,A,null,null,null,ebay
a1e2ef0a-593c-4e45-8a55-320fedab0ac0,ce743f19-eea9-4d45-bbd0-820dfe955cc0,ebay,327080340681,https://www.ebay.com/itm/Versace-Jeans-Men-s-Blue-Short-Sleeve-Polo-Shirt-US-XL-IT-54-SoA-/327080340681,34,2026-04-01 23:28:16+00,true,null,2026-06-05 03:18:33.552891+00,2026-06-19 05:17:12.466898+00,Versace Jeans Men's Blue Short Sleeve Polo Shirt US XL - IT 54 - SoA,null,active,0,0,'54':13A 'blue':5A 'jean':2A 'men':3A 'polo':8A 'shirt':9A 'short':6A 'sleev':7A 'soa':14A 'us':10A 'versac':1A 'xl':11A,null,false,null,null,null,null,null,null,null,null,null,null,null,null,1,false,null,false,null,null,null,false,null,null,{},null,0,0,0,null,null,[],null,null,fixed_price,null,null,null,null,null,null,off,{},null,false,null,null,null,null,c55c2414-7e0b-4431-944e-c0a16887bf31,false,null,null,null,0,null,null,A,null,null,null,ebay
08ebe1c3-1858-46ca-af89-d8afca598fa1,ff0e2dc2-b29d-4abb-8a19-8979aa3e4322,ebay,327080340207,https://www.ebay.com/itm/Freshman-1996-Women-s-Crochet-Knit-Sweater-Crop-Top-Size-Medium-/327080340207,22.5,2026-04-01 23:27:50+00,true,null,2026-06-05 03:18:32.512853+00,2026-06-19 05:17:12.466898+00,Freshman 1996 Women's Crochet Knit Sweater Crop Top - Size: Medium,null,active,0,0,'1996':2A 'crochet':5A 'crop':8A 'freshman':1A 'knit':6A 'medium':11A 'size':10A 'sweater':7A 'top':9A 'women':3A,null,false,null,null,null,null,null,null,null,null,null,null,null,null,1,false,null,false,null,null,null,false,null,null,{},null,0,0,0,null,null,[],null,null,fixed_price,null,null,null,null,null,null,off,{},null,false,null,null,null,null,c55c2414-7e0b-4431-944e-c0a16887bf31,false,null,null,null,0,null,null,A,null,null,null,ebay
a7539507-a36f-4c16-8484-c6fd465c9f8a,9ef3abcb-805b-4c70-86a1-b313f3a8ace3,ebay,327080339977,https://www.ebay.com/itm/Vintage-90s-Conte-di-Milano-Cotton-Acrylic-3D-Knit-Cardigan-Size-XLarge-Preppy-/327080339977,87.99,2026-04-01 23:27:23+00,true,null,2026-06-05 03:18:31.764295+00,2026-06-19 05:17:12.466898+00,Vintage 90s Conte di Milano Cotton Acrylic 3D Knit Cardigan Size XLarge Preppy,null,active,0,0,'3d':8A '90s':2A 'acryl':7A 'cardigan':10A 'cont':3A 'cotton':6A 'di':4A 'knit':9A 'milano':5A 'preppi':13A 'size':11A 'vintag':1A 'xlarg':12A,null,false,null,null,null,null,null,null,null,null,null,null,null,null,1,false,null,false,null,null,null,false,null,null,{},null,0,0,0,null,null,[],null,null,fixed_price,null,null,null,null,null,null,off,{},null,false,null,null,null,null,c55c2414-7e0b-4431-944e-c0a16887bf31,false,null,null,null,0,null,null,A,null,null,null,ebay
99d1646d-8e39-48eb-9d35-39c1d9bbebca,c7334d0d-5349-430f-8554-dbd1ad92e7ee,ebay,327080339345,https://www.ebay.com/itm/Poppies-and-Roses-Girls-Blue-and-White-Striped-Romper-/327080339345,28.5,2026-04-01 23:26:19+00,true,null,2026-06-05 03:18:30.929517+00,2026-06-19 05:17:12.466898+00,Poppies and Roses Girls Blue and White Striped Romper,null,active,0,0,'blue':5A 'girl':4A 'poppi':1A 'romper':9A 'rose':3A 'stripe':8A 'white':7A,null,false,null,null,null,null,null,null,null,null,null,null,null,null,1,false,null,false,null,null,null,false,null,null,{},null,0,0,0,null,null,[],null,null,fixed_price,null,null,null,null,null,null,off,{},null,false,null,null,null,null,c55c2414-7e0b-4431-944e-c0a16887bf31,false,null,null,null,0,null,null,A,null,null,null,ebay
55f1e5ed-8a77-4ea0-8d2f-7d1897be2c15,1490362f-505c-4d75-bcb7-3d553548ed35,ebay,327080338753,https://www.ebay.com/itm/prAna-Men-s-XXS-Rockblock-Rugby-Long-Sleeve-Polo-Shirt-Retro-Blue-Split-Hem-/327080338753,28.99,2026-04-01 23:25:13+00,true,null,2026-06-05 03:18:29.803092+00,2026-06-19 05:17:12.466898+00,prAna Men's XXS Rockblock Rugby Long Sleeve Polo Shirt Retro Blue Split Hem,null,active,0,0,'blue':12A 'hem':14A 'long':7A 'men':2A 'polo':9A 'prana':1A 'retro':11A 'rockblock':5A 'rugbi':6A 'shirt':10A 'sleev':8A 'split':13A 'xxs':4A,null,false,null,null,null,null,null,null,null,null,null,null,null,null,1,false,null,false,null,null,null,false,null,null,{},null,0,0,0,null,null,[],null,null,fixed_price,null,null,null,null,null,null,off,{},null,false,null,null,null,null,c55c2414-7e0b-4431-944e-c0a16887bf31,false,null,null,null,0,null,null,A,null,null,null,ebay
555dc70f-9673-4ccf-bdcf-0d5c71bfa212,4feb4df0-4141-46ae-a800-e548d2d1abfc,ebay,327080337443,https://www.ebay.com/itm/NWT-Joie-Limited-Edition-Women-s-Faux-Leather-Straight-Leg-Pants-Size-18-148-/327080337443,38.99,2026-04-01 23:24:38+00,true,null,2026-06-05 03:18:29.250538+00,2026-06-19 05:17:12.466898+00,NWT Joie Limited Edition Women's Faux Leather Straight Leg Pants Size 18 - $148,null,active,0,0,'148':14A '18':13A 'edit':4A 'faux':7A 'joie':2A 'leather':8A 'leg':10A 'limit':3A 'nwt':1A 'pant':11A 'size':12A 'straight':9A 'women':5A,null,false,null,null,null,null,null,null,null,null,null,null,null,null,1,false,null,false,null,null,null,false,null,null,{},null,0,0,0,null,null,[],null,null,fixed_price,null,null,null,null,null,null,off,{},null,false,null,null,null,null,c55c2414-7e0b-4431-944e-c0a16887bf31,false,null,null,null,0,null,null,A,null,null,null,ebay
4020064f-6e04-41a3-8081-1ccfa4148876,f33304ab-252b-4c95-b4b3-ad03ab966912,ebay,327183812438,https://www.ebay.com/itm/L-AGENCE-Women-s-Cosette-Metallic-Stripe-Crop-Shirt-Size-XS-T-/327183812438,156.5,2026-05-29 02:44:39+00,true,null,2026-06-05 03:18:21.013953+00,2026-06-19 05:17:12.466898+00,L'AGENCE Women's Cosette Metallic Stripe Crop Shirt Size XS/T,null,active,0,0,'agenc':2A 'cosett':5A 'crop':8A 'l':1A 'metal':6A 'shirt':9A 'size':10A 'stripe':7A 'women':3A 'xs/t':11A,null,false,null,null,null,null,null,null,null,null,null,null,null,null,1,false,null,false,null,null,null,false,null,null,{},null,0,0,0,null,null,[],null,null,fixed_price,null,null,null,null,null,null,off,{},null,false,null,null,null,null,c55c2414-7e0b-4431-944e-c0a16887bf31,false,null,null,null,0,null,null,A,null,null,null,ebay
08f4e348-3ec6-40eb-9c5f-d34485c9f333,1832e05b-5c6f-46f3-9a3d-04c9d90623b8,ebay,327182074764,https://www.ebay.com/itm/AKRIS-Punto-100-Wool-Open-Knit-Red-Collar-Short-Sleeve-Button-Cardigan-Size-2-/327182074764,67.5,2026-05-28 02:25:14+00,true,null,2026-06-05 03:18:06.638542+00,2026-06-19 05:17:12.466898+00,AKRIS Punto 100% Wool Open Knit Red Collar Short Sleeve Button Cardigan Size 2,null,active,0,0,'100':3A '2':14A 'akri':1A 'button':11A 'cardigan':12A 'collar':8A 'knit':6A 'open':5A 'punto':2A 'red':7A 'short':9A 'size':13A 'sleev':10A 'wool':4A,null,false,null,null,null,null,null,null,null,null,null,null,null,null,1,false,null,false,null,null,null,false,null,null,{},null,0,0,0,null,null,[],null,null,fixed_price,null,null,null,null,null,null,off,{},null,false,null,null,null,null,c55c2414-7e0b-4431-944e-c0a16887bf31,false,null,null,null,0,null,null,A,null,null,null,ebay
c120ac66-d7a0-4a5f-8439-cdda6e2d27a3,55735f29-50b9-40f4-96f4-237e176416ae,ebay,327182067880,https://www.ebay.com/itm/RAG-BONE-Brianne-Fuchsia-Pink-Cardigan-Button-V-Neck-Casual-Size-Small-Petite-/327182067880,94.5,2026-05-28 02:21:37+00,true,null,2026-06-05 03:18:06.252415+00,2026-06-19 05:17:12.466898+00,RAG & BONE Brianne Fuchsia Pink Cardigan Button V Neck Casual Size Small Petite,null,active,0,0,'bone':2A 'briann':3A 'button':7A 'cardigan':6A 'casual':10A 'fuchsia':4A 'neck':9A 'petit':13A 'pink':5A 'rag':1A 'size':11A 'small':12A 'v':8A,null,false,null,null,null,null,null,null,null,null,null,null,null,null,1,false,null,false,null,null,null,false,null,null,{},null,0,0,0,null,null,[],null,null,fixed_price,null,null,null,null,null,null,off,{},null,false,null,null,null,null,c55c2414-7e0b-4431-944e-c0a16887bf31,false,null,null,null,0,null,null,A,null,null,null,ebay
1b37716d-1f91-476f-a462-93fa4884d910,70c3d24b-2ea3-4352-b13a-c2cbf88384e4,ebay,327181981386,https://www.ebay.com/itm/Sundry-Multicolor-Ombre-Ruched-Sleeveless-Dress-USA-Size-4-/327181981386,95.5,2026-05-28 01:23:37+00,true,null,2026-06-05 03:18:00.204882+00,2026-06-19 05:17:12.466898+00,Sundry Multicolor Ombre Ruched Sleeveless Dress USA Size 4,null,active,0,0,'4':9A 'dress':6A 'multicolor':2A 'ombr':3A 'ruch':4A 'size':8A 'sleeveless':5A 'sundri':1A 'usa':7A,null,false,null,null,null,null,null,null,null,null,null,null,null,null,1,false,null,false,null,null,null,false,null,null,{},null,0,0,0,null,null,[],null,null,fixed_price,null,null,null,null,null,null,off,{},null,false,null,null,null,null,c55c2414-7e0b-4431-944e-c0a16887bf31,false,null,null,null,0,null,null,A,null,null,null,ebay
af1f2f33-496a-4208-b18f-f7cc8d1ada7e,d86c9866-4c27-48b0-8f20-0b3ea9218d9a,ebay,327175189398,https://www.ebay.com/itm/RAG-BONE-WOMEN-S-BLACK-LONG-SLEEVE-V-NECK-HUDSON-TOP-TEE-Sz-Medium-/327175189398,31.5,2026-05-24 04:15:47+00,true,null,2026-06-05 03:17:39.229107+00,2026-06-19 05:17:12.466898+00,RAG & BONE WOMEN'S BLACK LONG SLEEVE V-NECK HUDSON TOP TEE Sz Medium,null,active,0,0,'black':5A 'bone':2A 'hudson':11A 'long':6A 'medium':15A 'neck':10A 'rag':1A 'sleev':7A 'sz':14A 'tee':13A 'top':12A 'v':9A 'v-neck':8A 'women':3A,null,false,null,null,null,null,null,null,null,null,null,null,null,null,1,false,null,false,null,null,null,false,null,null,{},null,0,0,0,null,null,[],null,null,fixed_price,null,null,null,null,null,null,off,{},null,false,null,null,null,null,c55c2414-7e0b-4431-944e-c0a16887bf31,false,null,null,null,0,null,null,A,null,null,null,ebay
5cf4984d-7e45-4798-ac42-29dd2e423f0b,c5521d0d-f11e-4dcf-9d06-4d3358bf4da9,ebay,327120323424,https://www.ebay.com/itm/NWT-BYLT-Basics-Opal-Half-Zip-Sweatshirt-Women-s-Size-XSmall-Vintage-Navy-92-/327120323424,68.5,2026-04-24 03:06:14+00,true,null,2026-06-05 03:17:32.606419+00,2026-06-19 05:17:12.466898+00,NWT BYLT Basics Opal Half-Zip Sweatshirt Women’s Size XSmall Vintage Navy - $92,null,active,0,0,'92':15A 'basic':3A 'bylt':2A 'half':6A 'half-zip':5A 'navi':14A 'nwt':1A 'opal':4A 'size':11A 'sweatshirt':8A 'vintag':13A 'women':9A 'xsmall':12A 'zip':7A,null,false,null,null,null,null,null,null,null,null,null,null,null,null,1,false,null,false,null,null,null,false,null,null,{},null,0,0,0,null,null,[],null,null,fixed_price,null,null,null,null,null,null,off,{},null,false,null,null,null,null,c55c2414-7e0b-4431-944e-c0a16887bf31,false,null,null,null,0,null,null,A,null,null,null,ebay
4f5b1512-d1ce-4aa9-99c7-f967d4637df7,020cae4a-8d98-496a-b640-210fe31addaa,ebay,327171675538,https://www.ebay.com/itm/AllSaints-Reform-Polo-Shirt-Men-s-Small-White-Pique-Short-Sleeve-Cotton-Logo-/327171675538,28.99,2026-05-22 02:40:24+00,true,null,2026-06-05 03:16:58.376332+00,2026-06-19 05:17:12.466898+00,AllSaints Reform Polo Shirt Men's Small White Pique Short Sleeve Cotton Logo,null,active,0,0,'allsaint':1A 'cotton':12A 'logo':13A 'men':5A 'piqu':9A 'polo':3A 'reform':2A 'shirt':4A 'short':10A 'sleev':11A 'small':7A 'white':8A,null,false,null,null,null,null,null,null,null,null,null,null,null,null,1,false,null,false,null,null,null,false,null,null,{},null,0,0,0,null,null,[],null,null,fixed_price,null,null,null,null,null,null,off,{},null,false,null,null,null,null,c55c2414-7e0b-4431-944e-c0a16887bf31,false,null,null,null,0,null,null,A,null,null,null,ebay
19c1d450-903e-409b-8dcc-6b29a5b39945,d4bb8771-f86b-4205-9892-41b189c15c99,ebay,327171647292,https://www.ebay.com/itm/NWT-Anzabess-Womens-Cream-1-4-Zip-Sweatshirt-With-Long-Collar-Size-XSmall-/327171647292,38.99,2026-05-22 02:21:10+00,true,null,2026-06-05 03:16:55.99747+00,2026-06-19 05:17:12.466898+00,NWT Anzabess Womens Cream  1/4 Zip Sweatshirt With Long Collar Size XSmall,null,active,0,0,'1/4':5A 'anzabess':2A 'collar':10A 'cream':4A 'long':9A 'nwt':1A 'size':11A 'sweatshirt':7A 'women':3A 'xsmall':12A 'zip':6A,null,false,null,null,null,null,null,null,null,null,null,null,null,null,1,false,null,false,null,null,null,false,null,null,{},null,0,0,0,null,null,[],null,null,fixed_price,null,null,null,null,null,null,off,{},null,false,null,null,null,null,c55c2414-7e0b-4431-944e-c0a16887bf31,false,null,null,null,0,null,null,A,null,null,null,ebay
ab20b732-7012-47e0-94b9-de98b334f79b,1f94f203-b2e0-4d29-8605-c8d9de1c75b8,ebay,327169945043,https://www.ebay.com/itm/NWT-J-Ferrar-Modern-Fit-V-Neck-Sweater-Vest-XLarge-Black-/327169945043,24.5,2026-05-21 03:44:00+00,true,null,2026-06-05 03:16:51.045059+00,2026-06-19 05:17:12.466898+00,NWT J. Ferrar Modern Fit V-Neck Sweater Vest XLarge Black,null,active,0,0,'black':12A 'ferrar':3A 'fit':5A 'j':2A 'modern':4A 'neck':8A 'nwt':1A 'sweater':9A 'v':7A 'v-neck':6A 'vest':10A 'xlarg':11A,null,false,null,null,null,null,null,null,null,null,null,null,null,null,1,false,null,false,null,null,null,false,null,null,{},null,0,0,0,null,null,[],null,null,fixed_price,null,null,null,null,null,null,off,{},null,false,null,null,null,null,c55c2414-7e0b-4431-944e-c0a16887bf31,false,null,null,null,0,null,null,A,null,null,null,ebay
b8a62c12-c0ce-417e-8c8a-896611edce8f,b107871f-a36b-4abb-9b88-dcefa45da454,ebay,327169934294,https://www.ebay.com/itm/Vineyard-Vines-Cashmere-Striped-Pullover-Sweater-Grey-White-White-XSmall-/327169934294,31.5,2026-05-21 03:34:25+00,true,null,2026-06-05 03:16:49.533671+00,2026-06-19 05:17:12.466898+00,Vineyard Vines Cashmere Striped Pullover Sweater Grey White White XSmall,null,active,0,0,"'cashmer':3A 'grey':7A 'pullov':5A 'stripe':4A 'sweater':6A 'vine':2A 'vineyard':1A 'white':8A,9A 'xsmall':10A",null,false,null,null,null,null,null,null,null,null,null,null,null,null,1,false,null,false,null,null,null,false,null,null,{},null,0,0,0,null,null,[],null,null,fixed_price,null,null,null,null,null,null,off,{},null,false,null,null,null,null,c55c2414-7e0b-4431-944e-c0a16887bf31,false,null,null,null,0,null,null,A,null,null,null,ebay
e38e538d-7419-4986-ac50-2d225ed493d2,ac202fa7-9efc-41e6-9da4-d6451a33d652,ebay,327169932323,https://www.ebay.com/itm/Under-Armour-Men-s-Loose-Heat-Gear-Tech-Polo-Shirt-Large-navy-/327169932323,18.99,2026-05-21 03:32:58+00,true,null,2026-06-05 03:16:48.809627+00,2026-06-19 05:17:12.466898+00,Under Armour Men’s Loose Heat Gear Tech Polo Shirt Large navy,null,active,0,0,'armour':2A 'gear':7A 'heat':6A 'larg':11A 'loos':5A 'men':3A 'navi':12A 'polo':9A 'shirt':10A 'tech':8A,null,false,null,null,null,null,null,null,null,null,null,null,null,null,1,false,null,false,null,null,null,false,null,null,{},null,0,0,0,null,null,[],null,null,fixed_price,null,null,null,null,null,null,off,{},null,false,null,null,null,null,c55c2414-7e0b-4431-944e-c0a16887bf31,false,null,null,null,0,null,null,A,null,null,null,ebay
8ff4c011-7b98-450b-9f33-e9826a9ffc3d,a6cfd093-dacb-4155-8f52-53df9391af75,ebay,327156962925,https://www.ebay.com/itm/Vuori-Men-s-Meta-Pants-Stretch-Performance-Active-Casual-36x32-/327156962925,38.99,2026-05-13 23:04:08+00,true,null,2026-06-05 03:16:14.445676+00,2026-06-19 05:17:12.466898+00,Vuori Men's Meta Pants Stretch Performance Active Casual 36x32,null,active,0,0,'36x32':10A 'activ':8A 'casual':9A 'men':2A 'meta':4A 'pant':5A 'perform':7A 'stretch':6A 'vuori':1A,null,false,null,null,null,null,null,null,null,null,null,null,null,null,1,false,null,false,null,null,null,false,null,null,{},null,0,0,0,null,null,[],null,null,fixed_price,null,null,null,null,null,null,off,{},null,false,null,null,null,null,c55c2414-7e0b-4431-944e-c0a16887bf31,false,null,null,null,0,null,null,A,null,null,null,ebay
dfdc0662-121f-4239-8d71-abac6b7ae64c,31b2601d-ec22-4746-b7b7-5881a73b12ac,ebay,327037252124,https://www.ebay.com/itm/Vineyard-Vines-Men-s-Saltwater-Quarter-Zip-Pullover-size-X-Large-/327037252124,48.5,2026-03-10 04:24:38+00,true,null,2026-06-05 03:15:42.886868+00,2026-06-19 05:17:12.466898+00,Vineyard Vines Men's Saltwater Quarter-Zip Pullover size X-Large,null,active,0,0,'larg':13A 'men':3A 'pullov':9A 'quarter':7A 'quarter-zip':6A 'saltwat':5A 'size':10A 'vine':2A 'vineyard':1A 'x':12A 'x-larg':11A 'zip':8A,null,false,null,null,null,null,null,null,null,null,null,null,null,null,1,false,null,false,null,null,null,false,null,null,{},null,0,0,0,null,null,[],null,null,fixed_price,null,null,null,null,null,null,off,{},null,false,null,null,null,null,c55c2414-7e0b-4431-944e-c0a16887bf31,false,null,null,null,0,null,null,A,null,null,null,ebay
f321962e-cb10-415f-8041-066e931d2825,d438eb41-c27b-42e4-af0b-a7e9ab22cb50,ebay,327034287851,https://www.ebay.com/itm/Evereve-Women-s-Payton-Utility-Slit-Ankle-Pants-Olive-Classic-Neutral-Size-31-/327034287851,39,2026-03-08 04:45:12+00,true,null,2026-06-05 03:15:37.560982+00,2026-06-19 05:17:12.466898+00,Evereve Women's Payton Utility Slit Ankle Pants Olive Classic Neutral Size 31,null,active,0,0,'31':13A 'ankl':7A 'classic':10A 'everev':1A 'neutral':11A 'oliv':9A 'pant':8A 'payton':4A 'size':12A 'slit':6A 'util':5A 'women':2A,null,false,null,null,null,null,null,null,null,null,null,null,null,null,1,false,null,false,null,null,null,false,null,null,{},null,0,0,0,null,null,[],null,null,fixed_price,null,null,null,null,null,null,off,{},null,false,null,null,null,null,c55c2414-7e0b-4431-944e-c0a16887bf31,false,null,null,null,0,null,null,A,null,null,null,ebay
0f082464-04b7-4949-a8e4-5ca5afa86a39,63b8dfb5-57d5-4058-982a-0c134149b19b,ebay,327196563495,https://www.ebay.com/itm/Guinness-Dry-Fit-Performance-T-Shirt-Men-s-Medium-Activewear-Running-Gym-/327142618397,19.6,2026-05-06 03:28:10+00,false,null,2026-06-05 03:15:25.1669+00,2026-06-18 14:35:27.262762+00,Guinness Dry Fit Performance T Shirt Men's Medium Activewear Running Gym,null,sold,0,0,'activewear':10A 'dri':2A 'fit':3A 'guin':1A 'gym':12A 'medium':9A 'men':7A 'perform':4A 'run':11A 'shirt':6A,null,false,null,null,null,null,null,null,null,null,null,null,null,null,1,false,null,false,null,null,null,false,null,null,{},null,0,0,0,null,null,[],null,null,fixed_price,null,null,null,null,null,null,off,{},null,false,null,null,null,null,c55c2414-7e0b-4431-944e-c0a16887bf31,false,null,null,null,0,null,null,A,null,null,null,ebay
713d833b-3619-4f1b-ab2b-d94886795689,5c4db02d-793c-40ed-aab3-b7012054aa3b,ebay,327142262879,https://www.ebay.com/itm/Banana-Republic-Avery-Navy-White-Art-Deco-Geo-Straight-Leg-Trousers-Pants-Sz-10P-/327142262879,26.75,2026-05-05 23:20:05+00,false,null,2026-06-05 03:15:18.39717+00,2026-06-18 14:35:27.262762+00,Banana Republic Avery Navy White Art Deco Geo Straight Leg Trousers Pants Sz 10P,null,sold,0,0,'10p':14A 'art':6A 'averi':3A 'banana':1A 'deco':7A 'geo':8A 'leg':10A 'navi':4A 'pant':12A 'republ':2A 'straight':9A 'sz':13A 'trouser':11A 'white':5A,null,false,null,null,null,null,null,null,null,null,null,null,null,null,1,false,null,false,null,null,null,false,null,null,{},null,0,0,0,null,null,[],null,null,fixed_price,null,null,null,null,null,null,off,{},null,false,null,null,null,null,c55c2414-7e0b-4431-944e-c0a16887bf31,false,null,null,null,0,null,null,A,null,null,null,ebay
fcf6981b-4860-4f97-8811-8d4e2f1e01b4,af5ed39f-0de5-49ee-80b6-741804957a5d,ebay,327142083646,https://www.ebay.com/itm/Maeve-The-Saria-Floral-Wide-Leg-Pants-Women-s-XSP-Pull-On-Relaxed-/327142083646,39.5,2026-05-05 20:53:34+00,true,null,2026-06-05 03:15:14.951166+00,2026-06-19 05:17:12.466898+00,Maeve The Saria Floral Wide Leg Pants Women's XSP Pull On Relaxed,null,active,0,0,'floral':4A 'leg':6A 'maev':1A 'pant':7A 'pull':11A 'relax':13A 'saria':3A 'wide':5A 'women':8A 'xsp':10A,null,false,null,null,null,null,null,null,null,null,null,null,null,null,1,false,null,false,null,null,null,false,null,null,{},null,0,0,0,null,null,[],null,null,fixed_price,null,null,null,null,null,null,off,{},null,false,null,null,null,null,c55c2414-7e0b-4431-944e-c0a16887bf31,false,null,null,null,0,null,null,A,null,null,null,ebay
5cf08f40-ca1b-4aa3-8f5e-79396649289e,df104f85-2c9a-4e4d-9f92-02f2c9d42f7a,ebay,327183827170,https://www.ebay.com/itm/327183827170,0,2026-05-28 00:00:00+00,false,null,2026-06-05 03:13:37.643118+00,2026-06-18 14:35:27.262762+00,null,null,sold,0,0,,null,false,null,null,null,null,null,null,null,null,null,null,null,null,1,false,null,false,null,null,null,false,null,null,{},null,0,0,0,null,null,[],null,null,fixed_price,null,null,null,null,null,null,off,{},null,false,null,null,null,null,c55c2414-7e0b-4431-944e-c0a16887bf31,false,null,null,null,0,null,null,A,null,null,null,ebay
7899ff97-eba1-43e2-b3dd-31c87f963492,b5e23f8b-f280-47f9-bdd4-d5f8de225726,ebay,null,Need Size,0,2026-06-05 03:13:36.997131+00,false,null,2026-06-05 03:13:36.997131+00,2026-06-18 14:35:27.262762+00,null,null,draft,0,0,,null,false,null,null,null,null,null,null,null,null,null,null,null,null,1,false,null,false,null,null,null,false,null,null,{},null,0,0,0,null,null,[],null,null,fixed_price,null,null,null,null,null,null,off,{},null,false,null,null,null,null,c55c2414-7e0b-4431-944e-c0a16887bf31,false,null,null,null,0,null,null,A,null,null,null,gradethread
97807cfc-1aed-4762-bf2c-450ed8499de6,89d613af-fc90-40cf-82b1-b51dec02f29f,ebay,327183832865,https://www.ebay.com/itm/Lululemon-Restore-Revitalize-Maxi-Dress-Black-Size-2-Racerback-Slit-Athleisure-/327183832865,65.5,2026-05-29 03:01:10+00,true,null,2026-06-05 03:13:36.6407+00,2026-06-19 05:17:12.466898+00,Lululemon Restore & Revitalize Maxi Dress Black Size 2 Racerback Slit Athleisure,null,active,0,0,'2':8A 'athleisur':11A 'black':6A 'dress':5A 'lululemon':1A 'maxi':4A 'racerback':9A 'restor':2A 'revit':3A 'size':7A 'slit':10A,null,false,null,null,null,null,null,null,null,null,null,null,null,null,1,false,null,false,null,null,null,false,null,null,{},null,0,0,0,null,null,[],null,null,fixed_price,null,null,null,null,null,null,off,{},null,false,null,null,null,null,c55c2414-7e0b-4431-944e-c0a16887bf31,false,null,null,null,0,null,null,A,null,null,null,ebay
3f9cc833-dc72-4e15-8544-f8bd80168de4,6027078f-ec82-47ff-92cd-0bba55e4ca4b,ebay,327182042442,https://www.ebay.com/itm/TOAD-CO-S-Knit-Red-Sweater-Button-Accent-Crew-Neck-Long-Sleeve-Size-Medium-/327182042442,28.5,2026-05-28 02:10:21+00,true,null,2026-06-05 03:13:33.965166+00,2026-06-19 05:17:12.466898+00,TOAD&CO S Knit Red Sweater Button Accent Crew Neck Long Sleeve Size Medium,null,active,0,0,'accent':8A 'button':7A 'co':2A 'crew':9A 'knit':4A 'long':11A 'medium':14A 'neck':10A 'red':5A 'size':13A 'sleev':12A 'sweater':6A 'toad':1A,null,false,null,null,null,null,null,null,null,null,null,null,null,null,1,false,null,false,null,null,null,false,null,null,{},null,0,0,0,null,null,[],null,null,fixed_price,null,null,null,null,null,null,off,{},null,false,null,null,null,null,c55c2414-7e0b-4431-944e-c0a16887bf31,false,null,null,null,0,null,null,A,null,null,null,ebay
be8e665e-48e0-4bb7-a828-8ecfbc6e1957,4b49d7ef-433f-46bd-8a7f-cea641796f54,ebay,327180305190,https://www.ebay.com/itm/327180305190,0,2026-05-26 00:00:00+00,false,null,2026-06-05 03:13:33.543129+00,2026-06-18 14:35:27.262762+00,null,null,sold,0,0,,null,false,null,null,null,null,null,null,null,null,null,null,null,null,1,false,null,false,null,null,null,false,null,null,{},null,0,0,0,null,null,[],null,null,fixed_price,null,null,null,null,null,null,off,{},null,false,null,null,null,null,c55c2414-7e0b-4431-944e-c0a16887bf31,false,null,null,null,0,null,null,A,null,null,null,ebay
590aef7a-7b98-4afc-8031-caa5bdc744b1,519780d7-2775-48a7-aa29-3e47f78790f0,ebay,327180286623,https://www.ebay.com/itm/Reformation-Cashmere-Bell-Mini-Dress-Navy-Blue-Size-Small-/327180286623,145.5,2026-05-27 03:07:57+00,true,null,2026-06-05 03:13:32.948423+00,2026-06-19 05:17:12.466898+00,Reformation Cashmere Bell Mini Dress Navy Blue Size Small,null,active,0,0,'bell':3A 'blue':7A 'cashmer':2A 'dress':5A 'mini':4A 'navi':6A 'reform':1A 'size':8A 'small':9A,null,false,null,null,null,null,null,null,null,null,null,null,null,null,1,false,null,false,null,null,null,false,null,null,{},null,0,0,0,null,null,[],null,null,fixed_price,null,null,null,null,null,null,off,{},null,false,null,null,null,null,c55c2414-7e0b-4431-944e-c0a16887bf31,false,null,null,null,0,null,null,A,null,null,null,ebay
e9850b85-b8cc-4f2b-90d8-08bcf02c366a,906c7a65-9f54-4576-80f5-e8a2fd7bb1f6,ebay,327180281154,https://www.ebay.com/itm/Joseph-Ribkoff-Black-Multi-Abstract-Print-Blazer-Jacket-Size-2-/327180281154,115,2026-05-27 02:56:06+00,true,null,2026-06-05 03:13:32.556326+00,2026-06-19 05:17:12.466898+00,Joseph Ribkoff Black/Multi Abstract Print Blazer Jacket Size 2,null,active,0,0,'2':9A 'abstract':4A 'black/multi':3A 'blazer':6A 'jacket':7A 'joseph':1A 'print':5A 'ribkoff':2A 'size':8A,null,false,null,null,null,null,null,null,null,null,null,null,null,null,1,false,null,false,null,null,null,false,null,null,{},null,0,0,0,null,null,[],null,null,fixed_price,null,null,null,null,null,null,off,{},null,false,null,null,null,null,c55c2414-7e0b-4431-944e-c0a16887bf31,false,null,null,null,0,null,null,A,null,null,null,ebay
2049e021-877e-4361-a0f5-42722e211182,62ba11a5-d089-4d99-97d8-8cacb2ba2db9,ebay,327182027027,https://www.ebay.com/itm/327182027027,0,2026-05-27 00:00:00+00,false,null,2026-06-05 03:13:31.985712+00,2026-06-18 14:35:27.262762+00,null,null,sold,0,0,,null,false,null,null,null,null,null,null,null,null,null,null,null,null,1,false,null,false,null,null,null,false,null,null,{},null,0,0,0,null,null,[],null,null,fixed_price,null,null,null,null,null,null,off,{},null,false,null,null,null,null,c55c2414-7e0b-4431-944e-c0a16887bf31,false,null,null,null,0,null,null,A,null,null,null,ebay
c95b7814-fb0a-4e97-a36f-f8c401d6d061,fe06efe5-ce41-4f66-8ccf-f45d234ef7e9,ebay,327180034264,https://www.ebay.com/itm/Rag-Bone-Polo-Shirt-Men-s-M-Large-Slim-Fit-Grey-Hi-Low-Hem-Cotton-Blend-Golf-/327180034264,38.5,2026-05-27 00:01:17+00,true,null,2026-06-05 03:13:31.355388+00,2026-06-19 05:17:12.466898+00,Rag & Bone Polo Shirt Men's M Large Slim Fit Grey Hi Low Hem Cotton Blend Golf,null,active,0,0,'blend':16A 'bone':2A 'cotton':15A 'fit':10A 'golf':17A 'grey':11A 'hem':14A 'hi':12A 'larg':8A 'low':13A 'm':7A 'men':5A 'polo':3A 'rag':1A 'shirt':4A 'slim':9A,null,false,null,null,null,null,null,null,null,null,null,null,null,null,1,false,null,false,null,null,null,false,null,null,{},null,0,0,0,null,null,[],null,null,fixed_price,null,null,null,null,null,null,off,{},null,false,null,null,null,null,c55c2414-7e0b-4431-944e-c0a16887bf31,false,null,null,null,0,null,null,A,null,null,null,ebay
cab854a8-dc30-4814-beaa-7cd6eb5fca5a,839117cc-8cff-49ae-8de9-664b41197205,ebay,327175192867,https://www.ebay.com/itm/Toad-Co-Women-s-Mock-Neck-Sweatshirt-Pullover-M-Blue-Green-Hemp-Organic-Cotton-/327175192867,25.99,2026-05-24 04:21:52+00,true,null,2026-06-05 03:13:31.096306+00,2026-06-19 05:17:12.466898+00,Toad & Co Women's Mock Neck Sweatshirt Pullover M Blue Green Hemp Organic Cotton,null,active,0,0,'blue':10A 'co':2A 'cotton':14A 'green':11A 'hemp':12A 'm':9A 'mock':5A 'neck':6A 'organ':13A 'pullov':8A 'sweatshirt':7A 'toad':1A 'women':3A,null,false,null,null,null,null,null,null,null,null,null,null,null,null,1,false,null,false,null,null,null,false,null,null,{},null,0,0,0,null,null,[],null,null,fixed_price,null,null,null,null,null,null,off,{},null,false,null,null,null,null,c55c2414-7e0b-4431-944e-c0a16887bf31,false,null,null,null,0,null,null,A,null,null,null,ebay
c82bf336-2b22-458d-a8bb-66200dd290f3,aee9187d-76f2-4f96-8e97-65171b9c914f,ebay,327175186964,https://www.ebay.com/itm/Mackage-Krys-Unisex-Chenille-Velvet-Logo-Embroidered-Hoodie-in-Pink-Medium-/327175186964,119.5,2026-05-24 04:13:16+00,true,null,2026-06-05 03:13:30.693732+00,2026-06-19 05:17:12.466898+00,Mackage Krys Unisex Chenille Velvet Logo Embroidered Hoodie in Pink Medium,null,active,0,0,'chenill':4A 'embroid':7A 'hoodi':8A 'krys':2A 'logo':6A 'mackag':1A 'medium':11A 'pink':10A 'unisex':3A 'velvet':5A,null,false,null,null,null,null,null,null,null,null,null,null,null,null,1,false,null,false,null,null,null,false,null,null,{},null,0,0,0,null,null,[],null,null,fixed_price,null,null,null,null,null,null,off,{},null,false,null,null,null,null,c55c2414-7e0b-4431-944e-c0a16887bf31,false,null,null,null,0,null,null,A,null,null,null,ebay
810f919a-21e5-47d2-8097-dc326f6fdfb4,bd448229-1157-49bc-940b-4f2f162dbe55,ebay,327175169674,https://www.ebay.com/itm/St-John-Sport-Jacket-Women-s-Sz-P-Pink-Corduroy-Full-Zip-Collared-Button-Cuffs-/327175169674,38.5,2026-05-24 04:00:22+00,true,null,2026-06-05 03:13:30.265682+00,2026-06-19 05:17:12.466898+00,St John Sport Jacket Women's Sz P Pink Corduroy Full Zip Collared Button Cuffs,null,active,0,0,'button':14A 'collar':13A 'corduroy':10A 'cuff':15A 'full':11A 'jacket':4A 'john':2A 'p':8A 'pink':9A 'sport':3A 'st':1A 'sz':7A 'women':5A 'zip':12A,null,false,null,null,null,null,null,null,null,null,null,null,null,null,1,false,null,false,null,null,null,false,null,null,{},null,0,0,0,null,null,[],null,null,fixed_price,null,null,null,null,null,null,off,{},null,false,null,null,null,null,c55c2414-7e0b-4431-944e-c0a16887bf31,false,null,null,null,0,null,null,A,null,null,null,ebay
bf5bc45a-44ea-44bb-b725-2e81cf716efb,0f6bc33a-6eac-4411-9291-5f5e70621370,ebay,327175167591,https://www.ebay.com/itm/Lululemon-Men-s-Evolution-Polo-Shirt-Sz-L-Grey-Short-Sleeve-Performance-Athletic-/327175167591,43.5,2026-05-24 03:56:30+00,true,null,2026-06-05 03:13:29.822739+00,2026-06-19 05:17:12.466898+00,Lululemon Men's Evolution Polo Shirt Sz L Grey Short Sleeve Performance Athletic,null,active,0,0,'athlet':13A 'evolut':4A 'grey':9A 'l':8A 'lululemon':1A 'men':2A 'perform':12A 'polo':5A 'shirt':6A 'short':10A 'sleev':11A 'sz':7A,null,false,null,null,null,null,null,null,null,null,null,null,null,null,1,false,null,false,null,null,null,false,null,null,{},null,0,0,0,null,null,[],null,null,fixed_price,null,null,null,null,null,null,off,{},null,false,null,null,null,null,c55c2414-7e0b-4431-944e-c0a16887bf31,false,null,null,null,0,null,null,A,null,null,null,ebay
bb6a5b9f-e1f4-46f2-ac4b-abd8e3f76f62,400be6d5-2c24-4a1d-895e-ceade6d49850,ebay,327175155193,https://www.ebay.com/itm/Peter-Millar-Men-s-Twisted-Merino-Wool-Blend-Quarter-Zip-Sweater-XLarge-Blue-/327175155193,38.95,2026-05-24 03:48:17+00,true,null,2026-06-05 03:13:29.159345+00,2026-06-19 05:17:12.466898+00,Peter Millar Men's Twisted Merino Wool Blend Quarter Zip Sweater XLarge Blue,null,active,0,0,'blend':8A 'blue':13A 'men':3A 'merino':6A 'millar':2A 'peter':1A 'quarter':9A 'sweater':11A 'twist':5A 'wool':7A 'xlarg':12A 'zip':10A,null,false,null,null,null,null,null,null,null,null,null,null,null,null,1,false,null,false,null,null,null,false,null,null,{},null,0,0,0,null,null,[],null,null,fixed_price,null,null,null,null,null,null,off,{},null,false,null,null,null,null,c55c2414-7e0b-4431-944e-c0a16887bf31,false,null,null,null,0,null,null,A,null,null,null,ebay
e63b64e8-582d-4ea1-a215-e69df093b6c8,14faa1c5-1c0f-49e3-bbfb-8a44e1a316ea,ebay,327175130089,https://www.ebay.com/itm/Lululemon-Women-s-White-Oxford-Button-Down-Shirt-Size-M-/327175130089,29.5,2026-05-24 03:22:07+00,true,null,2026-06-05 03:13:28.661514+00,2026-06-19 05:17:12.466898+00,Lululemon Women's White Oxford Button Down Shirt Size M,null,active,0,0,'button':6A 'lululemon':1A 'm':10A 'oxford':5A 'shirt':8A 'size':9A 'white':4A 'women':2A,null,false,null,null,null,null,null,null,null,null,null,null,null,null,1,false,null,false,null,null,null,false,null,null,{},null,0,0,0,null,null,[],null,null,fixed_price,null,null,null,null,null,null,off,{},null,false,null,null,null,null,c55c2414-7e0b-4431-944e-c0a16887bf31,false,null,null,null,0,null,null,A,null,null,null,ebay
661eaf7d-d048-421a-abf0-5bc28299e6a3,b7da4b61-3d16-44e4-930a-67179e8e80aa,ebay,327175114399,https://www.ebay.com/itm/By-Anthropologie-Women-s-Blossom-Bubble-Tank-Top-Peach-Color-Size-Small-/327175114399,58.5,2026-05-24 03:17:40+00,true,null,2026-06-05 03:13:27.993657+00,2026-06-19 05:17:12.466898+00,By Anthropologie Women's Blossom Bubble Tank Top Peach Color Size Small,null,active,0,0,'anthropologi':2A 'blossom':5A 'bubbl':6A 'color':10A 'peach':9A 'size':11A 'small':12A 'tank':7A 'top':8A 'women':3A,null,false,null,null,null,null,null,null,null,null,null,null,null,null,1,false,null,false,null,null,null,false,null,null,{},null,0,0,0,null,null,[],null,null,fixed_price,null,null,null,null,null,null,off,{},null,false,null,null,null,null,c55c2414-7e0b-4431-944e-c0a16887bf31,false,null,null,null,0,null,null,A,null,null,null,ebay
f86a4b67-684b-4af2-9b84-9cf75d1de5fc,65b47c3a-018f-4b36-b900-0c7e2b746201,ebay,327175109516,https://www.ebay.com/itm/Athleta-Transcend-V-Neck-Rib-Crop-Sports-Bra-A-C-Sz-L-Powder-Blue-/327175109516,21.5,2026-05-24 03:14:13+00,false,null,2026-06-05 03:13:27.645706+00,2026-06-18 14:35:27.262762+00,Athleta Transcend V Neck Rib Crop Sports Bra A-C Sz L Powder Blue,null,sold,0,0,'a-c':9A 'athleta':1A 'blue':15A 'bra':8A 'c':11A 'crop':6A 'l':13A 'neck':4A 'powder':14A 'rib':5A 'sport':7A 'sz':12A 'transcend':2A 'v':3A,null,false,null,null,null,null,null,null,null,null,null,null,null,null,1,false,null,false,null,null,null,false,null,null,{},null,0,0,0,null,null,[],null,null,fixed_price,null,null,null,null,null,null,off,{},null,false,null,null,null,null,c55c2414-7e0b-4431-944e-c0a16887bf31,false,null,null,null,0,null,null,A,null,null,null,ebay
230f4a86-f8bd-4561-88e7-ef7335d34b4b,ad2ad2b2-b42d-4f68-8a4f-5dbb1eb9cecf,ebay,327175101871,https://www.ebay.com/itm/LACOSTE-Men-s-V-neck-Pima-Cotton-Regular-Fit-T-shirt-Size-Small-/327175101871,28.5,2026-05-24 03:08:55+00,true,null,2026-06-05 03:13:27.186845+00,2026-06-19 05:17:12.466898+00,LACOSTE Men's V-neck Pima Cotton Regular Fit T-shirt Size Small,null,active,0,0,'cotton':8A 'fit':10A 'lacost':1A 'men':2A 'neck':6A 'pima':7A 'regular':9A 'shirt':13A 'size':14A 'small':15A 't-shirt':11A 'v':5A 'v-neck':4A,null,false,null,null,null,null,null,null,null,null,null,null,null,null,1,false,null,false,null,null,null,false,null,null,{},null,0,0,0,null,null,[],null,null,fixed_price,null,null,null,null,null,null,off,{},null,false,null,null,null,null,c55c2414-7e0b-4431-944e-c0a16887bf31,false,null,null,null,0,null,null,A,null,null,null,ebay
42ca5fa3-7be0-4649-a253-1390a6ed385b,cc46cf0c-812c-44bc-8c85-6e0f5ba029c0,ebay,327175090267,https://www.ebay.com/itm/Trovata-Birds-Of-Paradise-Green-Geometric-Button-Up-Long-Sleeve-Shirt-XSmall-/327175090267,46.5,2026-05-24 03:01:41+00,true,null,2026-06-05 03:13:26.489782+00,2026-06-19 05:17:12.466898+00,Trovata Birds Of Paradise Green Geometric Button Up Long Sleeve Shirt XSmall,null,active,0,0,'bird':2A 'button':7A 'geometr':6A 'green':5A 'long':9A 'paradis':4A 'shirt':11A 'sleev':10A 'trovata':1A 'xsmall':12A,null,false,null,null,null,null,null,null,null,null,null,null,null,null,1,false,null,false,null,null,null,false,null,null,{},null,0,0,0,null,null,[],null,null,fixed_price,null,null,null,null,null,null,off,{},null,false,null,null,null,null,c55c2414-7e0b-4431-944e-c0a16887bf31,false,null,null,null,0,null,null,A,null,null,null,ebay
f9445328-00d3-455e-ada3-7c4af94fe9e6,eb906403-737a-4904-abd6-a40190e6a948,ebay,327175070597,https://www.ebay.com/itm/327175070597,0,2026-05-23 00:00:00+00,false,null,2026-06-05 03:13:26.145047+00,2026-06-18 14:35:27.262762+00,null,null,sold,0,0,,null,false,null,null,null,null,null,null,null,null,null,null,null,null,1,false,null,false,null,null,null,false,null,null,{},null,0,0,0,null,null,[],null,null,fixed_price,null,null,null,null,null,null,off,{},null,false,null,null,null,null,c55c2414-7e0b-4431-944e-c0a16887bf31,false,null,null,null,0,null,null,A,null,null,null,ebay
346114e0-55bc-4854-8875-83f8d3b908b8,a33744c6-b71c-41b4-8d7f-42225c46ca54,ebay,327175062358,https://www.ebay.com/itm/Johnny-Was-Monroe-Embroidered-Blouse-Top-Women-s-S-Gray-Rayon-Tunic-Boho-Cottage-/327175062358,124.5,2026-05-24 02:39:38+00,true,null,2026-06-05 03:13:25.886894+00,2026-06-19 05:17:12.466898+00,Johnny Was Monroe Embroidered Blouse Top Women's S Gray Rayon Tunic Boho Cottage,null,active,0,0,'blous':5A 'boho':13A 'cottag':14A 'embroid':4A 'gray':10A 'johnni':1A 'monro':3A 'rayon':11A 'top':6A 'tunic':12A 'women':7A,null,false,null,null,null,null,null,null,null,null,null,null,null,null,1,false,null,false,null,null,null,false,null,null,{},null,0,0,0,null,null,[],null,null,fixed_price,null,null,null,null,null,null,off,{},null,false,null,null,null,null,c55c2414-7e0b-4431-944e-c0a16887bf31,false,null,null,null,0,null,null,A,null,null,null,ebay
942e2c15-727b-4834-9cc7-bd144ce61807,a8046647-7c4f-4735-89f0-e1a43f8f90b7,ebay,327175053744,https://www.ebay.com/itm/Free-People-We-The-Clemente-Crochet-Lace-Sleeve-White-Top-Mock-Neck-Sz-M-Boho-/327175053744,31.5,2026-05-24 02:33:12+00,true,null,2026-06-05 03:13:25.68571+00,2026-06-19 05:17:12.466898+00,Free People We The Clemente Crochet Lace Sleeve White Top Mock Neck Sz M Boho,null,active,0,0,'boho':15A 'clement':5A 'crochet':6A 'free':1A 'lace':7A 'm':14A 'mock':11A 'neck':12A 'peopl':2A 'sleev':8A 'sz':13A 'top':10A 'white':9A,null,false,null,null,null,null,null,null,null,null,null,null,null,null,1,false,null,false,null,null,null,false,null,null,{},null,0,0,0,null,null,[],null,null,fixed_price,null,null,null,null,null,null,off,{},null,false,null,null,null,null,c55c2414-7e0b-4431-944e-c0a16887bf31,false,null,null,null,0,null,null,A,null,null,null,ebay
72897f3a-4069-48f1-904b-1c5a771c6b17,5423e560-acfd-4e5c-9a92-f05fed0c2b09,ebay,327175040345,https://www.ebay.com/itm/327175040345,0,2026-05-23 00:00:00+00,false,null,2026-06-05 03:13:25.366969+00,2026-06-18 14:35:27.262762+00,null,null,sold,0,0,,null,false,null,null,null,null,null,null,null,null,null,null,null,null,1,false,null,false,null,null,null,false,null,null,{},null,0,0,0,null,null,[],null,null,fixed_price,null,null,null,null,null,null,off,{},null,false,null,null,null,null,c55c2414-7e0b-4431-944e-c0a16887bf31,false,null,null,null,0,null,null,A,null,null,null,ebay
c82222f0-8bb0-4f7a-8304-bcf4890262af,450fe270-8829-4883-bd9b-078d23fcb4da,ebay,327175035315,https://www.ebay.com/itm/327175035315,0,2026-05-23 00:00:00+00,false,null,2026-06-05 03:13:24.894051+00,2026-06-18 14:35:27.262762+00,null,null,sold,0,0,,null,false,null,null,null,null,null,null,null,null,null,null,null,null,1,false,null,false,null,null,null,false,null,null,{},null,0,0,0,null,null,[],null,null,fixed_price,null,null,null,null,null,null,off,{},null,false,null,null,null,null,c55c2414-7e0b-4431-944e-c0a16887bf31,false,null,null,null,0,null,null,A,null,null,null,ebay
99c19c1c-06ad-428d-b019-18b49fb2be70,6c7f8bd4-17e0-4926-b9b9-5fdf3bf2e5b6,ebay,327175030277,https://www.ebay.com/itm/Sundance-Catalog-100-Cashmere-Heathered-Gray-Beloved-Pullover-Sz-XSmall-/327175030277,37.5,2026-05-24 02:21:59+00,true,null,2026-06-05 03:13:23.938169+00,2026-06-19 05:17:12.466898+00,Sundance Catalog 100% Cashmere Heathered Gray “Beloved Pullover” Sz XSmall,null,active,0,0,'100':3A 'belov':7A 'cashmer':4A 'catalog':2A 'gray':6A 'heather':5A 'pullov':8A 'sundanc':1A 'sz':9A 'xsmall':10A,null,false,null,null,null,null,null,null,null,null,null,null,null,null,1,false,null,false,null,null,null,false,null,null,{},null,0,0,0,null,null,[],null,null,fixed_price,null,null,null,null,null,null,off,{},null,false,null,null,null,null,c55c2414-7e0b-4431-944e-c0a16887bf31,false,null,null,null,0,null,null,A,null,null,null,ebay
67d8b3bf-637b-4b87-a228-69970363f6ea,39ea5d05-0feb-47b8-b7f4-7c38c8338ed0,ebay,327174984189,https://www.ebay.com/itm/Vintage-90s-Gant-Black-Hand-Framed-Sweater-Vest-Size-XL-Ribbed-Sleeveless-/327174984189,24.5,2026-05-24 01:58:56+00,true,null,2026-06-05 03:13:22.856115+00,2026-06-19 05:17:12.466898+00,Vintage 90s Gant Black Hand Framed Sweater Vest Size XL Ribbed Sleeveless,null,active,0,0,'90s':2A 'black':4A 'frame':6A 'gant':3A 'hand':5A 'rib':11A 'size':9A 'sleeveless':12A 'sweater':7A 'vest':8A 'vintag':1A 'xl':10A,null,false,null,null,null,null,null,null,null,null,null,null,null,null,1,false,null,false,null,null,null,false,null,null,{},null,0,0,0,null,null,[],null,null,fixed_price,null,null,null,null,null,null,off,{},null,false,null,null,null,null,c55c2414-7e0b-4431-944e-c0a16887bf31,false,null,null,null,0,null,null,A,null,null,null,ebay
548dbc0e-6a4a-4699-9cfc-58f023541c6c,ffaa7928-133c-4488-8158-2403087d175b,ebay,327171754965,https://www.ebay.com/itm/Veronica-Beard-Mahalia-Light-Blue-Cashmere-Sleeveless-Sweater-Sz-XSmall-/327171754965,48.5,2026-05-22 03:37:29+00,true,null,2026-06-05 03:13:22.492565+00,2026-06-19 05:17:12.466898+00,Veronica Beard Mahalia Light Blue Cashmere Sleeveless Sweater Sz XSmall,null,active,0,0,'beard':2A 'blue':5A 'cashmer':6A 'light':4A 'mahalia':3A 'sleeveless':7A 'sweater':8A 'sz':9A 'veronica':1A 'xsmall':10A,null,false,null,null,null,null,null,null,null,null,null,null,null,null,1,false,null,false,null,null,null,false,null,null,{},null,0,0,0,null,null,[],null,null,fixed_price,null,null,null,null,null,null,off,{},null,false,null,null,null,null,c55c2414-7e0b-4431-944e-c0a16887bf31,false,null,null,null,0,null,null,A,null,null,null,ebay
d25877e5-58a0-4a64-b678-5dc2e1860f71,eff89c15-69e9-4afe-8a7c-19f970fb30b8,ebay,327171753233,https://www.ebay.com/itm/Lovers-And-Friends-Women-s-Front-to-Back-Wrap-Strap-Shirt-Size-Small-/327171753233,42.5,2026-05-22 03:35:20+00,true,null,2026-06-05 03:13:22.157161+00,2026-06-19 05:17:12.466898+00,Lovers And Friends Women's Front to Back Wrap Strap Shirt Size Small,null,active,0,0,'back':8A 'friend':3A 'front':6A 'lover':1A 'shirt':11A 'size':12A 'small':13A 'strap':10A 'women':4A 'wrap':9A,null,false,null,null,null,null,null,null,null,null,null,null,null,null,1,false,null,false,null,null,null,false,null,null,{},null,0,0,0,null,null,[],null,null,fixed_price,null,null,null,null,null,null,off,{},null,false,null,null,null,null,c55c2414-7e0b-4431-944e-c0a16887bf31,false,null,null,null,0,null,null,A,null,null,null,ebay
73af5852-55f0-4b58-8d9a-1c1ccafa2fb9,a1d6c969-1c7d-4e63-a73f-dbac0c50c9bc,ebay,327171735250,https://www.ebay.com/itm/Nic-Zoe-Black-Open-Front-Cardigan-Sweater-Size-Medium--/327171735250,27.99,2026-05-22 03:19:35+00,true,null,2026-06-05 03:13:21.366811+00,2026-06-19 05:17:12.466898+00,Nic + Zoe Black Open Front Cardigan Sweater Size Medium*,null,active,0,0,'black':3A 'cardigan':6A 'front':5A 'medium':9A 'nic':1A 'open':4A 'size':8A 'sweater':7A 'zoe':2A,null,false,null,null,null,null,null,null,null,null,null,null,null,null,1,false,null,false,null,null,null,false,null,null,{},null,0,0,0,null,null,[],null,null,fixed_price,null,null,null,null,null,null,off,{},null,false,null,null,null,null,c55c2414-7e0b-4431-944e-c0a16887bf31,false,null,null,null,0,null,null,A,null,null,null,ebay
d329cb46-d924-4185-8c51-32cc5f51f12f,de82448f-1cb3-4618-81f1-110c036e2337,ebay,327171714519,https://www.ebay.com/itm/Beyond-Yoga-Women-s-Heather-Rib-Take-A-Hike-Zip-Pullover-Orange-Rust-Size-Medium-/327171714519,34.5,2026-05-22 03:09:51+00,true,null,2026-06-05 03:13:20.69186+00,2026-06-19 05:17:12.466898+00,Beyond Yoga Women's Heather Rib Take A Hike Zip Pullover Orange Rust Size Medium,null,active,0,0,'beyond':1A 'heather':5A 'hike':9A 'medium':15A 'orang':12A 'pullov':11A 'rib':6A 'rust':13A 'size':14A 'take':7A 'women':3A 'yoga':2A 'zip':10A,null,false,null,null,null,null,null,null,null,null,null,null,null,null,1,false,null,false,null,null,null,false,null,null,{},null,0,0,0,null,null,[],null,null,fixed_price,null,null,null,null,null,null,off,{},null,false,null,null,null,null,c55c2414-7e0b-4431-944e-c0a16887bf31,false,null,null,null,0,null,null,A,null,null,null,ebay
82d3d874-bfbd-4ed6-9446-00393f7c9518,f0dc5abd-7c36-4e95-817b-ca4e32455783,ebay,327171699136,https://www.ebay.com/itm/Veronica-Beard-Women-s-Black-Ivory-Striped-Cashmere-Button-Front-Sweater-Size-XS-/327171699136,148.5,2026-05-22 03:01:46+00,true,null,2026-06-05 03:13:20.079087+00,2026-06-19 05:17:12.466898+00,Veronica Beard Women’s Black/Ivory Striped Cashmere Button Front Sweater Size XS,null,active,0,0,'beard':2A 'black/ivory':5A 'button':8A 'cashmer':7A 'front':9A 'size':11A 'stripe':6A 'sweater':10A 'veronica':1A 'women':3A 'xs':12A,null,false,null,null,null,null,null,null,null,null,null,null,null,null,1,false,null,false,null,null,null,false,null,null,{},null,0,0,0,null,null,[],null,null,fixed_price,null,null,null,null,null,null,off,{},null,false,null,null,null,null,c55c2414-7e0b-4431-944e-c0a16887bf31,false,null,null,null,0,null,null,A,null,null,null,ebay